"46","109.58","2016-03-04 09:21:39","38020"
"46","109.58","2016-03-04 09:23:24","38120"
"46","109.58","2016-03-04 09:23:41","38120"
"46","109.58","2016-03-04 09:24:35","38120"
"46","109.58","2016-03-04 09:24:40","38120"
"46","109.58","2016-03-04 09:25:52","38170"
"46","109.58","2016-03-04 09:26:31","38170"
"46","109.58","2016-03-04 09:27:02","38170"
"46","109.58","2016-03-04 09:28:01","38770"
"46","109.58","2016-03-04 09:28:07","38770"
"46","109.58","2016-03-04 09:28:48","38770"
"46","109.58","2016-03-04 09:35:03","41546"
"46","109.58","2016-03-04 09:35:07","41846"
"46","109.58","2016-03-04 09:35:49","41846"
"46","109.58","2016-03-04 09:35:55","41846"
"46","109.58","2016-03-04 09:37:59","44207"
"46","109.58","2016-03-04 09:38:02","44207"
"46","109.58","2016-03-04 09:39:06","44721"
"46","109.58","2016-03-04 09:40:35","44721"
"46","109.58","2016-03-04 09:40:45","44971"
"46","109.58","2016-03-04 09:41:06","45489"
"46","109.30","2016-03-04 09:47:45","661593"
"46","109.13","2016-03-04 09:48:27","749027"
"46","109.15","2016-03-04 09:48:31","751901"
"46","109.07","2016-03-04 09:50:22","941076"
"46","108.95","2016-03-04 09:50:50","1009960"
"46","108.88","2016-03-04 09:51:02","1023956"
"46","109.12","2016-03-04 09:51:33","1095807"
"46","109.11","2016-03-04 09:51:35","1102951"
"46","108.93","2016-03-04 09:52:04","1165978"
"46","108.80","2016-03-04 09:52:20","1210241"
"46","108.73","2016-03-04 09:52:35","1235039"
"46","108.58","2016-03-04 09:53:05","1366634"
"46","108.58","2016-03-04 09:53:07","1366634"
"46","108.87","2016-03-04 09:53:37","1454705"
"46","108.85","2016-03-04 09:53:50","1500491"
"46","108.92","2016-03-04 09:54:08","1528151"
"46","108.88","2016-03-04 09:54:35","1583769"
"46","108.87","2016-03-04 09:54:39","1592679"
"46","108.95","2016-03-04 09:55:10","1613933"
"46","108.77","2016-03-04 09:55:20","1643215"
"46","108.68","2016-03-04 09:55:41","1700692"
"46","108.68","2016-03-04 09:56:05","1736375"
"46","108.71","2016-03-04 09:56:13","1747581"
"46","108.71","2016-03-04 09:56:43","1775013"
"46","108.73","2016-03-04 09:56:50","1796123"
"46","108.71","2016-03-04 09:57:14","1814815"
"46","108.65","2016-03-04 09:57:35","1844783"
"46","108.62","2016-03-04 09:57:45","1856273"
"46","108.64","2016-03-04 09:58:16","1896621"
"46","108.64","2016-03-04 09:58:20","1905042"
"46","108.65","2016-03-04 09:58:48","1931704"
"46","108.68","2016-03-04 09:59:05","1946773"
"46","108.65","2016-03-04 09:59:18","1965402"
"46","108.79","2016-03-04 09:59:49","2002718"
"46","108.74","2016-03-04 09:59:50","2011972"
"46","108.75","2016-03-04 10:00:20","2076330"
"46","108.80","2016-03-04 10:00:35","2097635"
"46","108.80","2016-03-04 10:00:51","2115202"
"46","108.80","2016-03-04 10:01:20","2131014"
"46","108.81","2016-03-04 10:01:22","2131244"
"46","108.79","2016-03-04 10:01:53","2151999"
"46","108.81","2016-03-04 10:02:05","2156749"
"46","108.84","2016-03-04 10:02:24","2198844"
"46","108.90","2016-03-04 10:02:50","2216507"
"46","108.87","2016-03-04 10:02:55","2220298"
"46","108.91","2016-03-04 10:03:26","2305518"
"46","109.00","2016-03-04 10:03:35","2310419"
"46","109.04","2016-03-04 10:03:57","2349733"
"46","109.02","2016-03-04 10:04:20","2378745"
"46","109.01","2016-03-04 10:04:29","2391146"
"46","109.07","2016-03-04 10:04:59","2431694"
"46","109.02","2016-03-04 10:05:05","2438199"
"46","109.07","2016-03-04 10:05:30","2463428"
"46","109.04","2016-03-04 10:05:50","2492162"
"46","109.04","2016-03-04 10:06:01","2496452"
"46","109.02","2016-03-04 10:06:32","2535888"
"46","109.01","2016-03-04 10:06:35","2536910"
"46","108.96","2016-03-04 10:07:03","2571187"
"46","108.78","2016-03-04 10:07:20","2592594"
"46","108.75","2016-03-04 10:07:34","2603775"
"46","108.72","2016-03-04 10:08:05","2676406"
"46","108.72","2016-03-04 10:08:05","2676406"
"46","108.60","2016-03-04 10:08:36","2723183"
"46","108.78","2016-03-04 10:08:50","2747341"
"46","108.80","2016-03-04 10:09:07","2762721"
"46","108.68","2016-03-04 10:09:35","2798198"
"46","108.66","2016-03-04 10:09:38","2800314"
"46","108.68","2016-03-04 10:10:09","2827761"
"46","108.63","2016-03-04 10:10:20","2845604"
"46","108.68","2016-03-04 10:10:40","2857771"
"46","108.63","2016-03-04 10:11:05","2900327"
"46","108.64","2016-03-04 10:11:11","2900951"
"46","108.79","2016-03-04 10:11:42","2918117"
"46","108.76","2016-03-04 10:11:50","2930585"
"46","108.86","2016-03-04 10:12:14","2971705"
"46","108.86","2016-03-04 10:12:35","2989354"
"46","108.88","2016-03-04 10:12:44","3000381"
"46","108.61","2016-03-04 10:13:15","3028029"
"46","108.66","2016-03-04 10:13:20","3034991"
"46","108.75","2016-03-04 10:13:46","3042847"
"46","108.77","2016-03-04 10:14:05","3055956"
"46","108.76","2016-03-04 10:14:17","3075755"
"46","108.85","2016-03-04 10:14:48","3112208"
"46","108.90","2016-03-04 10:14:50","3113434"
"46","109.00","2016-03-04 10:15:19","3173883"
"46","108.91","2016-03-04 10:15:35","3197199"
"46","108.99","2016-03-04 10:15:50","3205727"
"46","108.85","2016-03-04 10:16:20","3238254"
"46","108.85","2016-03-04 10:16:21","3238254"
"46","108.89","2016-03-04 10:16:52","3264462"
"46","108.86","2016-03-04 10:17:05","3267130"
"46","108.78","2016-03-04 10:17:23","3325915"
"46","108.81","2016-03-04 10:17:50","3426160"
"46","108.80","2016-03-04 10:17:54","3427810"
"46","108.82","2016-03-04 10:18:25","3437445"
"46","108.81","2016-03-04 10:18:35","3441291"
"46","108.86","2016-03-04 10:18:56","3471368"
"46","108.85","2016-03-04 10:19:20","3504811"
"46","108.81","2016-03-04 10:19:27","3506087"
"46","108.82","2016-03-04 10:19:58","3531625"
"46","108.81","2016-03-04 10:20:05","3531925"
"46","108.71","2016-03-04 10:20:30","3564981"
"46","108.65","2016-03-04 10:20:50","3613982"
"46","108.56","2016-03-04 10:21:00","3635089"
"46","108.80","2016-03-04 10:21:31","3686761"
"46","108.85","2016-03-04 10:21:35","3690617"
"46","108.90","2016-03-04 10:22:02","3720342"
"46","108.88","2016-03-04 10:22:20","3738548"
"46","108.84","2016-03-04 10:22:33","3744568"
"46","108.82","2016-03-04 10:23:04","3762404"
"46","108.82","2016-03-04 10:23:05","3762404"
"46","108.89","2016-03-04 10:23:35","3786462"
"46","108.91","2016-03-04 10:23:50","3803304"
"46","108.87","2016-03-04 10:24:06","3812129"
"46","108.88","2016-03-04 10:24:35","3829870"
"46","108.88","2016-03-04 10:24:37","3829874"
"46","108.90","2016-03-04 10:25:08","3852526"
"46","108.78","2016-03-04 10:25:20","3886179"
"46","108.85","2016-03-04 10:25:39","3892747"
"46","108.85","2016-03-04 10:26:05","3902616"
"46","108.85","2016-03-04 10:26:10","3902616"
"46","108.90","2016-03-04 10:26:41","3926200"
"46","108.89","2016-03-04 10:26:50","3929062"
"46","108.86","2016-03-04 10:27:12","3932400"
"46","108.96","2016-03-04 10:27:35","3964106"
"46","108.99","2016-03-04 10:27:43","3981277"
"46","108.96","2016-03-04 10:28:14","4010157"
"46","108.90","2016-03-04 10:28:20","4046503"
"46","108.88","2016-03-04 10:28:45","4077118"
"46","108.87","2016-03-04 10:29:05","4085263"
"46","108.84","2016-03-04 10:29:16","4099881"
"46","108.86","2016-03-04 10:29:47","4123335"
"46","108.85","2016-03-04 10:29:50","4126758"
"46","108.90","2016-03-04 10:30:18","4147000"
"46","108.92","2016-03-04 10:30:35","4150457"
"46","108.96","2016-03-04 10:30:49","4174459"
"46","108.99","2016-03-04 10:31:20","4245985"
"46","108.99","2016-03-04 10:31:20","4245985"
"46","108.99","2016-03-04 10:31:51","4358496"
"46","108.95","2016-03-04 10:32:05","4367273"
"46","108.87","2016-03-04 10:32:22","4440551"
"46","108.87","2016-03-04 10:32:50","4469861"
"46","108.87","2016-03-04 10:32:53","4469961"
"46","108.92","2016-03-04 10:33:27","4533129"
"46","108.88","2016-03-04 10:33:35","4537830"
"46","108.88","2016-03-04 10:33:55","4558689"
"46","108.88","2016-03-04 10:34:20","4573859"
"46","108.88","2016-03-04 10:34:26","4577264"
"46","108.77","2016-03-04 10:34:57","4633399"
"46","108.80","2016-03-04 10:35:05","4649134"
"46","108.76","2016-03-04 10:35:28","4663635"
"46","108.74","2016-03-04 10:35:50","4690742"
"46","108.70","2016-03-04 10:35:59","4693049"
"46","108.74","2016-03-04 10:36:30","4710260"
"46","108.69","2016-03-04 10:36:35","4724494"
"46","108.63","2016-03-04 10:37:01","4783096"
"46","108.64","2016-03-04 10:37:20","4834663"
"46","108.64","2016-03-04 10:37:32","4857225"
"46","108.59","2016-03-04 10:38:03","4918064"
"46","108.60","2016-03-04 10:38:05","4920455"
"46","108.56","2016-03-04 10:38:34","5018717"
"46","108.54","2016-03-04 10:38:50","5039504"
"46","108.60","2016-03-04 10:39:05","5053984"
"46","108.56","2016-03-04 10:39:35","5076441"
"46","108.56","2016-03-04 10:39:36","5076441"
"46","108.54","2016-03-04 10:40:07","5116014"
"46","108.58","2016-03-04 10:40:20","5122892"
"46","108.59","2016-03-04 10:40:38","5137934"
"46","108.60","2016-03-04 10:41:09","5163506"
"46","108.60","2016-03-04 10:41:12","5163506"
"46","108.64","2016-03-04 10:41:40","5247549"
"46","108.68","2016-03-04 10:41:50","5275053"
"46","108.67","2016-03-04 10:42:11","5299258"
"46","108.68","2016-03-04 10:42:35","5316143"
"46","108.63","2016-03-04 10:42:42","5334780"
"46","108.76","2016-03-04 10:43:13","5388542"
"46","108.70","2016-03-04 10:43:20","5402988"
"46","108.72","2016-03-04 10:43:44","5425965"
"46","108.73","2016-03-04 10:44:05","5445255"
"46","108.70","2016-03-04 10:44:15","5450652"
"46","108.72","2016-03-04 10:44:46","5469780"
"46","108.72","2016-03-04 10:44:50","5471947"
"46","108.77","2016-03-04 10:45:17","5502594"
"46","108.82","2016-03-04 10:45:36","5532613"
"46","108.79","2016-03-04 10:45:48","5549786"
"46","108.78","2016-03-04 10:46:19","5584036"
"46","108.80","2016-03-04 10:46:20","5584446"
"46","108.85","2016-03-04 10:46:50","5619398"
"46","108.84","2016-03-04 10:47:05","5625650"
"46","108.82","2016-03-04 10:47:21","5645966"
"46","108.74","2016-03-04 10:47:50","5689966"
"46","108.75","2016-03-04 10:47:52","5692317"
"46","108.79","2016-03-04 10:48:23","5705567"
"46","108.78","2016-03-04 10:48:35","5708023"
"46","108.86","2016-03-04 10:48:54","5716546"
"46","108.84","2016-03-04 10:49:20","5731973"
"46","108.84","2016-03-04 10:49:25","5733458"
"46","108.82","2016-03-04 10:49:56","5748713"
"46","108.85","2016-03-04 10:50:09","5754919"
"46","108.87","2016-03-04 10:50:27","5777187"
"46","108.88","2016-03-04 10:50:50","5814998"
"46","108.88","2016-03-04 10:50:59","5820460"
"46","108.93","2016-03-04 10:51:29","5836511"
"46","108.99","2016-03-04 10:51:35","5871133"
"46","108.98","2016-03-04 10:52:00","5887183"
"46","108.90","2016-03-04 10:52:20","5911871"
"46","108.89","2016-03-04 10:52:31","5928728"
"46","108.82","2016-03-04 10:53:02","5978814"
"46","108.82","2016-03-04 10:53:05","5981352"
"46","108.74","2016-03-04 10:53:33","6007538"
"46","108.78","2016-03-04 10:53:50","6029431"
"46","108.75","2016-03-04 10:54:04","6037048"
"46","108.77","2016-03-04 10:54:35","6070132"
"46","108.77","2016-03-04 10:54:35","6070132"
"46","108.76","2016-03-04 10:55:06","6118908"
"46","108.73","2016-03-04 10:55:20","6130123"
"46","108.73","2016-03-04 10:55:37","6141557"
"46","108.68","2016-03-04 10:56:05","6177971"
"46","108.68","2016-03-04 10:56:09","6194864"
"46","108.65","2016-03-04 10:56:39","6256507"
"46","108.59","2016-03-04 10:56:50","6270021"
"46","108.59","2016-03-04 10:57:10","6284085"
"46","108.60","2016-03-04 10:57:35","6313048"
"46","108.60","2016-03-04 10:57:41","6317707"
"46","108.52","2016-03-04 10:58:12","6377994"
"46","108.51","2016-03-04 10:58:20","6408723"
"46","108.54","2016-03-04 10:58:43","6436163"
"46","108.64","2016-03-04 10:59:05","6473850"
"46","108.64","2016-03-04 10:59:14","6480128"
"46","108.71","2016-03-04 10:59:45","6522917"
"46","108.73","2016-03-04 10:59:50","6550658"
"46","108.79","2016-03-04 11:00:16","6597542"
"46","108.78","2016-03-04 11:00:35","6607800"
"46","108.80","2016-03-04 11:00:47","6629029"
"46","108.75","2016-03-04 11:01:18","6664132"
"46","108.74","2016-03-04 11:01:20","6673063"
"46","108.72","2016-03-04 11:01:49","6696247"
"46","108.73","2016-03-04 11:02:05","6715243"
"46","108.70","2016-03-04 11:02:20","6731816"
"46","108.60","2016-03-04 11:02:50","6751754"
"46","108.60","2016-03-04 11:02:51","6751754"
"46","108.68","2016-03-04 11:03:22","6779141"
"46","108.65","2016-03-04 11:03:35","6784809"
"46","108.72","2016-03-04 11:03:53","6794414"
"46","108.71","2016-03-04 11:04:20","6829217"
"46","108.71","2016-03-04 11:04:24","6832784"
"46","108.66","2016-03-04 11:04:55","6854694"
"46","108.68","2016-03-04 11:05:05","6864032"
"46","108.65","2016-03-04 11:05:26","6876193"
"46","108.66","2016-03-04 11:05:50","6891407"
"46","108.58","2016-03-04 11:06:04","6962651"
"46","108.54","2016-03-04 11:06:28","7019134"
"46","108.51","2016-03-04 11:06:35","7026479"
"46","108.41","2016-03-04 11:06:59","7168111"
"46","108.45","2016-03-04 11:07:21","7230075"
"46","108.40","2016-03-04 11:07:30","7249265"
"46","108.36","2016-03-04 11:08:12","7323399"
"46","108.35","2016-03-04 11:08:22","7324449"
"46","108.27","2016-03-04 11:08:44","7391683"
"46","108.27","2016-03-04 11:08:52","7433072"
"46","108.26","2016-03-04 11:09:03","7446285"
"46","108.27","2016-03-04 11:09:34","7496176"
"46","108.27","2016-03-04 11:09:35","7496176"
"46","108.27","2016-03-04 11:10:05","7540441"
"46","108.34","2016-03-04 11:10:21","7560924"
"46","108.34","2016-03-04 11:10:36","7605982"
"46","108.37","2016-03-04 11:11:06","7664004"
"46","108.37","2016-03-04 11:11:07","7664004"
"46","108.37","2016-03-04 11:11:40","7737427"
"46","108.36","2016-03-04 11:11:50","7750752"
"46","108.37","2016-03-04 11:12:09","7769410"
"46","108.41","2016-03-04 11:12:41","7796567"
"46","108.41","2016-03-04 11:12:44","7799418"
"46","108.42","2016-03-04 11:13:14","7843083"
"46","108.40","2016-03-04 11:13:23","7856987"
"46","108.40","2016-03-04 11:13:52","7868566"
"46","108.43","2016-03-04 11:14:08","7880445"
"46","108.41","2016-03-04 11:14:19","7881645"
"46","108.42","2016-03-04 11:14:47","7943103"
"46","108.40","2016-03-04 11:14:59","7953287"
"46","108.41","2016-03-04 11:15:33","7999576"
"46","108.44","2016-03-04 11:15:54","8028075"
"46","108.44","2016-03-04 11:15:54","8028095"
"46","108.43","2016-03-04 11:16:50","8115589"
"46","108.43","2016-03-04 11:16:50","8115589"
"46","108.42","2016-03-04 11:16:53","8123222"
"46","108.41","2016-03-04 11:17:17","8190956"
"46","108.41","2016-03-04 11:17:31","8203800"
"46","108.41","2016-03-04 11:18:16","8267272"
"46","108.41","2016-03-04 11:18:16","8267272"
"46","108.45","2016-03-04 11:18:28","8293224"
"46","108.65","2016-03-04 11:20:25","8415504"
"46","108.65","2016-03-04 11:20:26","8425482"
"46","108.64","2016-03-04 11:20:26","8426322"
"46","108.67","2016-03-04 11:20:59","8491552"
"46","108.70","2016-03-04 11:21:02","8496202"
"46","108.80","2016-03-04 11:21:44","8548002"
"46","108.80","2016-03-04 11:21:47","8548462"
"46","108.79","2016-03-04 11:22:16","8606804"
"46","108.76","2016-03-04 11:22:21","8613555"
"46","108.71","2016-03-04 11:22:36","8625745"
"46","108.67","2016-03-04 11:23:02","8653419"
"46","108.63","2016-03-04 11:23:07","8658492"
"46","108.62","2016-03-04 11:23:32","8673381"
"46","108.56","2016-03-04 11:23:51","8695415"
"46","108.56","2016-03-04 11:24:08","8716886"
"46","108.64","2016-03-04 11:24:36","8754705"
"46","108.63","2016-03-04 11:24:41","8755235"
"46","108.75","2016-03-04 11:25:06","8785317"
"46","108.80","2016-03-04 11:25:29","8815245"
"46","108.77","2016-03-04 11:25:41","8830084"
"46","108.74","2016-03-04 11:26:13","8862190"
"46","108.74","2016-03-04 11:26:13","8862190"
"46","108.77","2016-03-04 11:26:46","8880456"
"46","108.78","2016-03-04 11:26:53","8882071"
"46","108.72","2016-03-04 11:27:12","8898598"
"46","108.79","2016-03-04 11:27:37","8927330"
"46","108.79","2016-03-04 11:27:40","8927654"
"46","108.80","2016-03-04 11:28:16","8971365"
"46","108.80","2016-03-04 11:28:21","8984443"
"46","108.76","2016-03-04 11:28:41","9021858"
"46","108.70","2016-03-04 11:29:05","9037455"
"46","108.70","2016-03-04 11:29:12","9038410"
"46","108.66","2016-03-04 11:29:50","9076780"
"46","108.66","2016-03-04 11:29:55","9086479"
"46","108.66","2016-03-04 11:30:24","9097592"
"46","108.67","2016-03-04 11:30:39","9111444"
"46","108.66","2016-03-04 11:31:17","9136935"
"46","108.66","2016-03-04 11:31:20","9136935"
"46","108.67","2016-03-04 11:31:48","9157558"
"46","108.72","2016-03-04 11:32:05","9170258"
"46","108.69","2016-03-04 11:32:18","9173863"
"46","108.73","2016-03-04 11:32:49","9199942"
"46","108.74","2016-03-04 11:32:50","9205224"
"46","108.75","2016-03-04 11:33:20","9226731"
"46","108.69","2016-03-04 11:33:35","9250790"
"46","108.70","2016-03-04 11:33:51","9252985"
"46","108.80","2016-03-04 11:34:20","9302800"
"46","108.80","2016-03-04 11:34:22","9302800"
"46","108.79","2016-03-04 11:34:53","9349251"
"46","108.79","2016-03-04 11:35:05","9360033"
"46","108.80","2016-03-04 11:35:24","9378996"
"46","108.80","2016-03-04 11:35:50","9397118"
"46","108.77","2016-03-04 11:35:55","9405322"
"46","108.78","2016-03-04 11:36:26","9437051"
"46","108.76","2016-03-04 11:36:36","9445260"
"46","108.66","2016-03-04 11:36:58","9484588"
"46","108.65","2016-03-04 11:37:20","9498334"
"46","108.66","2016-03-04 11:37:28","9509529"
"46","108.64","2016-03-04 11:37:59","9543563"
"46","108.60","2016-03-04 11:38:05","9549494"
"46","108.60","2016-03-04 11:38:30","9575792"
"46","108.60","2016-03-04 11:38:50","9584437"
"46","108.59","2016-03-04 11:39:01","9597591"
"46","108.68","2016-03-04 11:39:32","9631716"
"46","108.68","2016-03-04 11:39:35","9633227"
"46","108.77","2016-03-04 11:40:03","9667731"
"46","108.77","2016-03-04 11:40:20","9676536"
"46","108.79","2016-03-04 11:40:34","9694645"
"46","108.76","2016-03-04 11:41:05","9717296"
"46","108.76","2016-03-04 11:41:05","9717296"
"46","108.69","2016-03-04 11:41:26","9736078"
"46","108.71","2016-03-04 11:41:39","9741694"
"46","108.72","2016-03-04 11:41:51","9744129"
"46","108.70","2016-03-04 11:42:07","9752951"
"46","108.70","2016-03-04 11:42:35","9775011"
"46","108.70","2016-03-04 11:42:40","9775301"
"46","108.69","2016-03-04 11:43:09","9801223"
"46","108.70","2016-03-04 11:43:20","9807160"
"46","108.68","2016-03-04 11:43:40","9818689"
"46","108.64","2016-03-04 11:44:08","9848998"
"46","108.61","2016-03-04 11:44:13","9850627"
"46","108.75","2016-03-04 11:44:51","9890066"
"46","108.75","2016-03-04 11:44:51","9890066"
"46","108.68","2016-03-04 11:45:13","9915004"
"46","108.73","2016-03-04 11:45:35","9943266"
"46","108.72","2016-03-04 11:45:44","9956939"
"46","108.72","2016-03-04 11:46:15","10010639"
"46","108.73","2016-03-04 11:46:20","10011688"
"46","108.76","2016-03-04 11:46:46","10038273"
"46","108.70","2016-03-04 11:47:05","10067801"
"46","108.69","2016-03-04 11:47:17","10068611"
"46","108.62","2016-03-04 11:47:48","10105444"
"46","108.63","2016-03-04 11:47:50","10106094"
"46","108.66","2016-03-04 11:48:20","10129772"
"46","108.64","2016-03-04 11:48:35","10179882"
"46","108.64","2016-03-04 11:48:50","10181198"
"46","108.73","2016-03-04 11:49:20","10204417"
"46","108.73","2016-03-04 11:49:21","10204417"
"46","108.63","2016-03-04 11:49:52","10224813"
"46","108.67","2016-03-04 11:50:05","10242406"
"46","108.70","2016-03-04 11:50:23","10256153"
"46","108.70","2016-03-04 11:50:50","10265435"
"46","108.70","2016-03-04 11:50:54","10265435"
"46","108.76","2016-03-04 11:51:26","10299128"
"46","108.76","2016-03-04 11:51:35","10304066"
"46","108.72","2016-03-04 11:51:56","10312770"
"46","108.74","2016-03-04 11:52:20","10323929"
"46","108.73","2016-03-04 11:52:27","10352384"
"46","108.68","2016-03-04 11:52:58","10378642"
"46","108.69","2016-03-04 11:53:05","10382267"
"46","108.68","2016-03-04 11:53:29","10402374"
"46","108.63","2016-03-04 11:53:53","10414696"
"46","108.64","2016-03-04 11:54:00","10427143"
"46","108.56","2016-03-04 11:54:34","10516609"
"46","108.56","2016-03-04 11:54:35","10516609"
"46","108.55","2016-03-04 11:55:02","10538138"
"46","108.54","2016-03-04 11:55:21","10544608"
"46","108.53","2016-03-04 11:55:33","10567718"
"46","108.41","2016-03-04 11:56:04","10633492"
"46","108.41","2016-03-04 11:56:05","10633492"
"46","108.47","2016-03-04 11:56:35","10689870"
"46","108.47","2016-03-04 11:56:50","10692124"
"46","108.46","2016-03-04 11:57:06","10714396"
"46","108.50","2016-03-04 11:57:35","10745384"
"46","108.49","2016-03-04 11:57:37","10749883"
"46","108.49","2016-03-04 11:58:08","10784061"
"46","108.49","2016-03-04 11:58:20","10786164"
"46","108.50","2016-03-04 11:58:39","10829979"
"46","108.48","2016-03-04 11:59:05","10840839"
"46","108.50","2016-03-04 11:59:10","10857509"
"46","108.59","2016-03-04 11:59:43","10884337"
"46","108.59","2016-03-04 11:59:50","10884337"
"46","108.54","2016-03-04 12:00:12","10925081"
"46","108.58","2016-03-04 12:00:35","10956334"
"46","108.56","2016-03-04 12:00:43","10962943"
"46","108.59","2016-03-04 12:01:14","10991754"
"46","108.60","2016-03-04 12:01:20","10993104"
"46","108.59","2016-03-04 12:01:45","10997534"
"46","108.60","2016-03-04 12:02:05","11020066"
"46","108.58","2016-03-04 12:02:16","11023110"
"46","108.56","2016-03-04 12:02:47","11037125"
"46","108.56","2016-03-04 12:02:50","11037125"
"46","108.57","2016-03-04 12:03:18","11051032"
"46","108.61","2016-03-04 12:03:35","11061368"
"46","108.63","2016-03-04 12:03:49","11067636"
"46","108.66","2016-03-04 12:04:20","11091298"
"46","108.66","2016-03-04 12:04:21","11091298"
"46","108.65","2016-03-04 12:04:51","11107042"
"46","108.70","2016-03-04 12:05:05","11122412"
"46","108.74","2016-03-04 12:05:22","11133425"
"46","108.75","2016-03-04 12:06:00","11195720"
"46","108.74","2016-03-04 12:06:02","11196789"
"46","108.77","2016-03-04 12:06:27","11222042"
"46","108.84","2016-03-04 12:06:35","11261668"
"46","108.75","2016-03-04 12:06:55","11295240"
"46","108.78","2016-03-04 12:07:20","11303283"
"46","108.79","2016-03-04 12:07:26","11306891"
"46","108.72","2016-03-04 12:07:57","11329670"
"46","108.73","2016-03-04 12:08:05","11335111"
"46","108.74","2016-03-04 12:08:28","11348978"
"46","108.74","2016-03-04 12:08:50","11351360"
"46","108.73","2016-03-04 12:08:59","11351818"
"46","108.77","2016-03-04 12:09:30","11361948"
"46","108.80","2016-03-04 12:09:35","11364859"
"46","108.85","2016-03-04 12:10:01","11392917"
"46","108.85","2016-03-04 12:10:20","11448940"
"46","108.85","2016-03-04 12:10:32","11460334"
"46","108.85","2016-03-04 12:11:03","11502827"
"46","108.85","2016-03-04 12:11:05","11521985"
"46","108.90","2016-03-04 12:11:34","11575091"
"46","108.90","2016-03-04 12:11:50","11596574"
"46","108.90","2016-03-04 12:12:05","11611526"
"46","108.90","2016-03-04 12:12:35","11642701"
"46","108.90","2016-03-04 12:12:36","11643399"
"46","108.95","2016-03-04 12:13:07","11763799"
"46","108.88","2016-03-04 12:13:20","11801807"
"46","108.86","2016-03-04 12:13:38","11834288"
"46","108.88","2016-03-04 12:14:05","11860329"
"46","108.88","2016-03-04 12:14:09","11860849"
"46","108.92","2016-03-04 12:14:40","11882802"
"46","108.91","2016-03-04 12:14:50","11889604"
"46","108.88","2016-03-04 12:15:12","11911068"
"46","108.84","2016-03-04 12:15:35","11915170"
"46","108.85","2016-03-04 12:15:42","11916627"
"46","108.88","2016-03-04 12:16:13","11932321"
"46","108.87","2016-03-04 12:16:20","11933344"
"46","108.86","2016-03-04 12:16:44","11937087"
"46","108.82","2016-03-04 12:17:05","11952700"
"46","108.89","2016-03-04 12:17:15","11958714"
"46","108.95","2016-03-04 12:17:46","11982448"
"46","108.95","2016-03-04 12:17:50","11988270"
"46","109.01","2016-03-04 12:18:17","12094263"
"46","109.03","2016-03-04 12:18:35","12115406"
"46","109.00","2016-03-04 12:18:48","12132716"
"46","109.03","2016-03-04 12:19:19","12157632"
"46","109.03","2016-03-04 12:19:20","12157632"
"46","109.04","2016-03-04 12:19:50","12172087"
"46","109.05","2016-03-04 12:20:05","12177192"
"46","109.03","2016-03-04 12:20:21","12179666"
"46","109.01","2016-03-04 12:20:50","12195210"
"46","109.01","2016-03-04 12:20:52","12195210"
"46","109.03","2016-03-04 12:21:23","12208059"
"46","109.04","2016-03-04 12:21:35","12218890"
"46","109.10","2016-03-04 12:21:54","12252168"
"46","109.07","2016-03-04 12:22:20","12298966"
"46","109.07","2016-03-04 12:22:25","12298966"
"46","109.06","2016-03-04 12:22:56","12358878"
"46","109.07","2016-03-04 12:23:05","12360344"
"46","109.05","2016-03-04 12:23:27","12379052"
"46","109.02","2016-03-04 12:23:50","12388217"
"46","109.01","2016-03-04 12:23:58","12401897"
"46","109.02","2016-03-04 12:24:29","12418486"
"46","109.04","2016-03-04 12:24:35","12419186"
"46","109.05","2016-03-04 12:25:00","12428171"
"46","109.06","2016-03-04 12:25:20","12439703"
"46","109.01","2016-03-04 12:25:31","12444782"
"46","109.03","2016-03-04 12:26:02","12457509"
"46","109.02","2016-03-04 12:26:05","12457876"
"46","109.02","2016-03-04 12:26:33","12485208"
"46","109.00","2016-03-04 12:26:50","12496097"
"46","109.00","2016-03-04 12:27:04","12506028"
"46","109.04","2016-03-04 12:27:35","12516216"
"46","109.04","2016-03-04 12:27:35","12516216"
"46","109.02","2016-03-04 12:28:06","12536105"
"46","109.03","2016-03-04 12:28:20","12541031"
"46","109.01","2016-03-04 12:29:05","12568732"
"46","109.00","2016-03-04 12:29:50","12644560"
"46","108.97","2016-03-04 12:30:35","12675472"
"46","108.91","2016-03-04 12:31:20","12704354"
"46","108.88","2016-03-04 12:32:05","12757910"
"46","108.89","2016-03-04 12:32:50","12819561"
"46","108.93","2016-03-04 12:33:35","12871663"
"46","109.00","2016-03-04 12:34:20","12936196"
"46","108.99","2016-03-04 12:35:05","12970216"
"46","108.98","2016-03-04 12:35:50","13028821"
"46","109.02","2016-03-04 12:36:35","13100442"
"46","109.06","2016-03-04 12:37:20","13141057"
"46","109.11","2016-03-04 12:38:05","13185614"
"46","109.04","2016-03-04 12:38:50","13204551"
"46","109.08","2016-03-04 12:39:35","13260959"
"46","109.15","2016-03-04 12:40:20","13288936"
"46","109.12","2016-03-04 12:41:05","13337478"
"46","109.13","2016-03-04 12:41:50","13353071"
"46","109.13","2016-03-04 12:42:35","13381144"
"46","109.15","2016-03-04 12:43:20","13398580"
"46","109.13","2016-03-04 12:44:05","13416648"
"46","109.13","2016-03-04 12:44:50","13429201"
"46","109.22","2016-03-04 12:45:35","13462590"
"46","109.21","2016-03-04 12:46:20","13486997"
"46","109.26","2016-03-04 12:47:05","13569975"
"46","109.24","2016-03-04 12:47:50","13601106"
"46","109.26","2016-03-04 12:48:35","13618012"
"46","109.17","2016-03-04 12:49:20","13645879"
"46","109.09","2016-03-04 12:50:08","13692873"
"46","109.08","2016-03-04 12:50:50","13738086"
"46","109.07","2016-03-04 12:51:35","13759215"
"46","109.00","2016-03-04 12:52:20","13811689"
"46","109.00","2016-03-04 12:53:05","13839189"
"46","109.00","2016-03-04 12:53:50","13862787"
"46","108.98","2016-03-04 12:54:35","13887930"
"46","109.01","2016-03-04 12:55:20","13898835"
"46","109.03","2016-03-04 12:56:05","13920471"
"46","109.02","2016-03-04 12:56:50","13942034"
"46","109.00","2016-03-04 12:57:35","13969659"
"46","108.99","2016-03-04 12:58:20","13992396"
"46","109.01","2016-03-04 12:59:05","14008958"
"46","108.99","2016-03-04 12:59:50","14034404"
"46","108.96","2016-03-04 13:00:35","14046347"
"46","108.99","2016-03-04 13:01:20","14081637"
"46","108.95","2016-03-04 13:02:05","14106287"
"46","108.92","2016-03-04 13:02:50","14137917"
"46","108.88","2016-03-04 13:03:35","14185895"
"46","108.90","2016-03-04 13:04:20","14210209"
"46","108.86","2016-03-04 13:05:05","14239550"
"46","108.85","2016-03-04 13:05:50","14254969"
"46","108.87","2016-03-04 13:06:35","14269497"
"46","108.90","2016-03-04 13:07:20","14286778"
"46","109.00","2016-03-04 13:08:05","14336766"
"46","109.04","2016-03-04 13:08:50","14377183"
"46","108.99","2016-03-04 13:09:35","14393095"
"46","109.00","2016-03-04 13:10:20","14399609"
"46","108.94","2016-03-04 13:11:05","14425947"
"46","108.96","2016-03-04 13:11:50","14444200"
"46","108.78","2016-03-04 13:21:13","14726226"
"46","108.78","2016-03-04 13:21:13","14726226"
"46","108.76","2016-03-04 13:21:52","14739706"
"46","108.76","2016-03-04 13:21:53","14739706"
"46","108.81","2016-03-04 13:22:30","14757261"
"46","108.79","2016-03-04 13:22:57","14765612"
"46","108.81","2016-03-04 13:23:16","14770743"
"46","108.81","2016-03-04 13:24:00","14803292"
"46","108.79","2016-03-04 13:24:45","14812049"
"46","108.75","2016-03-04 13:25:30","14831211"
"46","108.70","2016-03-04 13:27:07","14873987"
"46","108.68","2016-03-04 13:27:46","14914208"
"46","108.69","2016-03-04 13:28:30","14945285"
"46","108.79","2016-03-04 13:29:16","15004429"
"46","108.76","2016-03-04 13:30:00","15028199"
"46","108.80","2016-03-04 13:30:46","15058853"
"46","108.76","2016-03-04 13:31:30","15075357"
"46","108.72","2016-03-04 13:32:15","15094662"
"46","108.71","2016-03-04 13:33:01","15110061"
"46","108.67","2016-03-04 13:33:45","15148180"
"46","108.67","2016-03-04 13:34:33","15173151"
"46","108.75","2016-03-04 13:35:15","15200963"
"46","108.70","2016-03-04 13:36:00","15247332"
"46","108.72","2016-03-04 13:36:47","15282480"
"46","108.61","2016-03-04 13:37:30","15334537"
"46","108.64","2016-03-04 13:38:15","15377810"
"46","108.62","2016-03-04 13:39:00","15391461"
"46","108.66","2016-03-04 13:39:45","15408554"
"46","108.72","2016-03-04 13:40:31","15435247"
"46","108.68","2016-03-04 13:41:15","15453117"
"46","108.68","2016-03-04 13:42:00","15472548"
"46","108.68","2016-03-04 13:42:45","15501190"
"46","108.63","2016-03-04 13:43:30","15517293"
"46","108.68","2016-03-04 13:44:15","15584563"
"46","108.67","2016-03-04 13:45:00","15611412"
"46","108.63","2016-03-04 13:45:45","15642064"
"46","108.66","2016-03-04 13:46:30","15654353"
"46","108.70","2016-03-04 13:47:15","15680526"
"46","108.65","2016-03-04 13:48:00","15707621"
"46","108.70","2016-03-04 13:48:45","15724757"
"46","108.69","2016-03-04 13:49:30","15735471"
"46","108.76","2016-03-04 13:50:15","15762315"
"46","108.76","2016-03-04 13:51:00","15788125"
"46","108.74","2016-03-04 13:51:45","15802854"
"46","108.73","2016-03-04 13:52:30","15820206"
"46","108.81","2016-03-04 13:53:15","15845849"
"46","108.84","2016-03-04 13:54:01","15872481"
"46","108.88","2016-03-04 13:54:45","15915167"
"46","108.84","2016-03-04 13:55:30","15963376"
"46","108.90","2016-03-04 13:56:15","15984962"
"46","108.95","2016-03-04 13:57:00","16014438"
"46","108.97","2016-03-04 13:57:45","16062859"
"46","108.97","2016-03-04 13:58:30","16115524"
"46","108.96","2016-03-04 13:59:15","16131058"
"46","108.99","2016-03-04 14:00:01","16151953"
"46","108.97","2016-03-04 14:00:45","16196759"
"46","108.91","2016-03-04 14:01:31","16239489"
"46","108.88","2016-03-04 14:02:16","16265286"
"46","108.92","2016-03-04 14:03:00","16290477"
"46","108.94","2016-03-04 14:03:45","16314455"
"46","108.97","2016-03-04 14:04:30","16343138"
"46","108.97","2016-03-04 14:05:38","16360344"
"46","108.96","2016-03-04 14:06:10","16378862"
"46","108.95","2016-03-04 14:06:45","16393726"
"46","109.01","2016-03-04 14:07:30","16425870"
"46","109.04","2016-03-04 14:08:16","16449719"
"46","109.04","2016-03-04 14:09:04","16461615"
"46","109.01","2016-03-04 14:09:45","16487856"
"46","109.01","2016-03-04 14:10:30","16536293"
"46","109.00","2016-03-04 14:11:15","16574460"
"46","109.00","2016-03-04 14:12:00","16609940"
"46","109.05","2016-03-04 14:12:45","16666203"
"46","109.00","2016-03-04 14:13:30","16716058"
"46","109.00","2016-03-04 14:14:16","16755629"
"46","108.97","2016-03-04 14:15:00","16807810"
"46","108.87","2016-03-04 14:15:46","16835831"
"46","108.86","2016-03-04 14:16:30","16864392"
"46","108.90","2016-03-04 14:17:16","16894853"
"46","108.92","2016-03-04 14:18:00","16919977"
"46","108.91","2016-03-04 14:18:46","16944560"
"46","108.88","2016-03-04 14:19:31","16980161"
"46","108.84","2016-03-04 14:20:15","17003369"
"46","108.88","2016-03-04 14:21:01","17024123"
"46","108.95","2016-03-04 14:21:45","17058588"
"46","108.98","2016-03-04 14:22:31","17090719"
"46","108.93","2016-03-04 14:23:15","17115684"
"46","108.95","2016-03-04 14:24:00","17144185"
"46","108.90","2016-03-04 14:24:45","17168351"
"46","108.96","2016-03-04 14:25:31","17214736"
"46","108.93","2016-03-04 14:26:15","17252706"
"46","108.93","2016-03-04 14:27:00","17266418"
"46","108.90","2016-03-04 14:27:45","17284369"
"46","108.85","2016-03-04 14:28:30","17314517"
"46","108.89","2016-03-04 14:29:15","17336314"
"46","108.90","2016-03-04 14:30:00","17373606"
"46","108.84","2016-03-04 14:30:45","17420368"
"46","108.76","2016-03-04 14:31:30","17463630"
"46","108.74","2016-03-04 14:32:15","17490608"
"46","108.75","2016-03-04 14:33:00","17535537"
"46","108.77","2016-03-04 14:33:45","17566671"
"46","108.77","2016-03-04 14:34:30","17577874"
"46","108.70","2016-03-04 14:35:15","17609212"
"46","108.70","2016-03-04 14:36:01","17622696"
"46","108.62","2016-03-04 14:36:46","17647401"
"46","108.57","2016-03-04 14:37:33","17684851"
"46","108.58","2016-03-04 14:38:15","17712418"
"46","108.65","2016-03-04 14:39:01","17735933"
"46","108.70","2016-03-04 14:39:46","17768952"
"46","108.64","2016-03-04 14:40:30","17798389"
"46","108.63","2016-03-04 14:41:15","17837760"
"46","108.55","2016-03-04 14:42:01","17876592"
"46","108.65","2016-03-04 14:42:45","17898943"
"46","108.67","2016-03-04 14:43:30","17930387"
"46","108.69","2016-03-04 14:44:15","17943208"
"46","108.60","2016-03-04 14:45:00","17986090"
"46","108.62","2016-03-04 14:45:45","18011334"
"46","108.61","2016-03-04 14:46:30","18045752"
"46","108.63","2016-03-04 14:47:15","18065234"
"46","108.62","2016-03-04 14:48:00","18086164"
"46","108.64","2016-03-04 14:48:45","18091854"
"46","108.68","2016-03-04 14:49:30","18117020"
"46","108.63","2016-03-04 14:50:15","18152899"
"46","108.63","2016-03-04 14:51:00","18179195"
"46","108.56","2016-03-04 14:51:45","18220730"
"46","108.62","2016-03-04 14:52:30","18254304"
"46","108.61","2016-03-04 14:53:15","18311514"
"46","108.58","2016-03-04 14:54:00","18326355"
"46","108.53","2016-03-04 14:54:45","18347449"
"46","108.40","2016-03-04 14:55:30","18446682"
"46","108.34","2016-03-04 14:56:15","18509641"
"46","108.34","2016-03-04 14:57:00","18589699"
"46","108.30","2016-03-04 14:57:45","18632670"
"46","108.36","2016-03-04 14:58:31","18665221"
"46","108.44","2016-03-04 14:59:19","18700578"
"46","108.38","2016-03-04 15:00:00","18742307"
"46","108.36","2016-03-04 15:00:45","18774247"
"46","108.26","2016-03-04 15:01:31","18803959"
"46","108.32","2016-03-04 15:02:15","18831067"
"46","108.37","2016-03-04 15:03:01","18869165"
"46","108.36","2016-03-04 15:03:45","18900903"
"46","108.39","2016-03-04 15:04:31","18920971"
"46","108.44","2016-03-04 15:05:15","18957941"
"46","108.31","2016-03-04 15:06:00","18988761"
"46","108.37","2016-03-04 15:06:45","19015152"
"46","108.30","2016-03-04 15:07:30","19052697"
"46","108.38","2016-03-04 15:08:15","19087775"
"46","108.25","2016-03-04 15:09:00","19142023"
"46","108.15","2016-03-04 15:09:46","19252467"
"46","108.11","2016-03-04 15:10:30","19327726"
"46","108.12","2016-03-04 15:11:17","19359504"
"46","108.18","2016-03-04 15:12:00","19402740"
"46","108.21","2016-03-04 15:12:49","19446532"
"46","108.14","2016-03-04 15:13:30","19485192"
"46","108.08","2016-03-04 15:14:15","19535186"
"46","108.16","2016-03-04 15:15:00","19577749"
"46","108.16","2016-03-04 15:15:45","19603627"
"46","108.15","2016-03-04 15:16:31","19625762"
"46","108.17","2016-03-04 15:17:18","19640660"
"46","108.10","2016-03-04 15:18:44","19726927"
"46","108.11","2016-03-04 15:18:47","19728902"
"46","107.96","2016-03-04 15:20:04","19918479"
"46","108.11","2016-03-04 15:20:28","19946936"
"46","108.04","2016-03-04 15:21:25","19987005"
"46","108.05","2016-03-04 15:23:02","20069284"
"46","108.18","2016-03-04 15:24:26","20119534"
"46","108.18","2016-03-04 15:24:31","20134136"
"46","108.10","2016-03-04 15:26:03","20234433"
"46","108.20","2016-03-04 15:26:16","20246411"
"46","108.04","2016-03-04 15:27:00","20288874"
"46","108.13","2016-03-04 15:27:45","20320494"
"46","108.13","2016-03-04 15:28:31","20353797"
"46","108.17","2016-03-04 15:29:15","20380496"
"46","108.17","2016-03-04 15:30:01","20397922"
"46","108.19","2016-03-04 15:30:45","20448654"
"46","108.21","2016-03-04 15:31:34","20463310"
"46","108.21","2016-03-04 15:32:15","20487920"
"46","108.26","2016-03-04 15:33:00","20517584"
"46","108.30","2016-03-04 15:33:45","20562309"
"46","108.27","2016-03-04 15:34:30","20615501"
"46","108.34","2016-03-04 15:35:15","20665954"
"46","108.29","2016-03-04 15:36:01","20692244"
"46","108.27","2016-03-04 15:36:45","20737119"
"46","108.25","2016-03-04 15:37:30","20753565"
"46","108.33","2016-03-04 15:38:16","20799833"
"46","108.32","2016-03-04 15:39:01","20850082"
"46","108.27","2016-03-04 15:39:45","20861569"
"46","108.36","2016-03-04 15:40:32","20907162"
"46","108.34","2016-03-04 15:41:15","20946868"
"46","108.29","2016-03-04 15:42:00","20968290"
"46","108.32","2016-03-04 15:42:45","20982961"
"46","108.39","2016-03-04 15:43:30","21022360"
"46","108.46","2016-03-04 15:44:15","21587984"
"46","108.39","2016-03-04 15:45:00","21646543"
"46","108.29","2016-03-04 15:45:45","21884258"
"46","108.30","2016-03-04 15:46:30","21913529"
"46","108.27","2016-03-04 15:47:15","21946485"
"46","108.28","2016-03-04 15:48:00","21984880"
"46","108.27","2016-03-04 15:48:46","22009868"
"46","108.19","2016-03-04 15:49:31","22044333"
"46","108.18","2016-03-04 15:50:15","22083215"
"46","108.16","2016-03-04 15:51:00","22114581"
"46","108.13","2016-03-04 15:51:45","22136077"
"46","108.13","2016-03-04 15:52:30","22180169"
"46","108.11","2016-03-04 15:53:16","22210874"
"46","108.16","2016-03-04 15:54:01","22239286"
"46","108.22","2016-03-04 15:54:45","22282259"
"46","108.22","2016-03-04 15:55:34","22328743"
"46","108.24","2016-03-04 15:56:15","22367118"
"46","108.40","2016-03-04 15:57:01","22436740"
"46","108.34","2016-03-04 15:57:45","22494026"
"46","108.28","2016-03-04 15:58:41","22524638"
"46","108.31","2016-03-04 15:59:15","22556219"
"46","108.36","2016-03-04 16:00:09","22612306"
"46","108.35","2016-03-04 16:00:58","22673673"
"46","108.36","2016-03-04 16:01:52","22726475"
"46","108.36","2016-03-04 16:02:15","22742955"
"46","108.36","2016-03-04 16:03:00","22781769"
"46","108.40","2016-03-04 16:03:45","22810973"
"46","108.38","2016-03-04 16:04:30","22877994"
"46","108.39","2016-03-04 16:05:15","22927045"
"46","108.38","2016-03-04 16:06:00","22961334"
"46","108.41","2016-03-04 16:06:45","22991191"
"46","108.37","2016-03-04 16:07:31","23058700"
"46","108.39","2016-03-04 16:08:15","23089795"
"46","108.36","2016-03-04 16:09:00","23120127"
"46","108.39","2016-03-04 16:09:45","23152164"
"46","108.38","2016-03-04 16:10:30","23281842"
"46","108.36","2016-03-04 16:11:15","23345950"
"46","108.39","2016-03-04 16:12:01","23413416"
"46","108.30","2016-03-04 16:12:45","23551065"
"46","108.30","2016-03-04 16:13:30","23640242"
"46","108.37","2016-03-04 16:14:28","23775368"
"46","108.39","2016-03-04 16:15:01","24756060"
"46","108.39","2016-03-04 16:15:46","24830754"
"46","108.39","2016-03-04 16:16:30","24830764"
"46","108.39","2016-03-04 16:17:16","24831514"
"46","108.39","2016-03-04 16:18:03","24831614"
"46","108.39","2016-03-04 16:18:46","24831659"
"46","108.39","2016-03-04 16:19:33","24831659"
"46","108.39","2016-03-04 16:20:15","24831859"
