"49","26.87","2016-03-04 09:21:39","2347"
"49","26.87","2016-03-04 09:23:24","3447"
"49","26.87","2016-03-04 09:23:41","3447"
"49","26.87","2016-03-04 09:24:35","3447"
"49","26.87","2016-03-04 09:24:40","3447"
"49","26.87","2016-03-04 09:25:52","3447"
"49","26.87","2016-03-04 09:26:31","3447"
"49","26.87","2016-03-04 09:27:02","3447"
"49","26.87","2016-03-04 09:28:01","3447"
"49","26.87","2016-03-04 09:28:07","3447"
"49","26.87","2016-03-04 09:28:48","3447"
"49","26.87","2016-03-04 09:35:03","3447"
"49","26.87","2016-03-04 09:35:07","3447"
"49","26.87","2016-03-04 09:35:49","3447"
"49","26.87","2016-03-04 09:35:55","3447"
"49","26.87","2016-03-04 09:37:59","3447"
"49","26.87","2016-03-04 09:38:02","3447"
"49","26.87","2016-03-04 09:39:07","3447"
"49","26.87","2016-03-04 09:40:35","3447"
"49","26.87","2016-03-04 09:40:45","3447"
"49","26.87","2016-03-04 09:41:06","3447"
"49","26.81","2016-03-04 09:47:45","653591"
"49","26.79","2016-03-04 09:48:27","710490"
"49","26.80","2016-03-04 09:48:31","712543"
"49","26.77","2016-03-04 09:50:23","822030"
"49","26.74","2016-03-04 09:50:50","867488"
"49","26.72","2016-03-04 09:51:02","882217"
"49","26.73","2016-03-04 09:51:33","905755"
"49","26.74","2016-03-04 09:51:35","907762"
"49","26.77","2016-03-04 09:52:04","935342"
"49","26.80","2016-03-04 09:52:20","947794"
"49","26.80","2016-03-04 09:52:35","948494"
"49","26.81","2016-03-04 09:53:05","970287"
"49","26.81","2016-03-04 09:53:07","970287"
"49","26.79","2016-03-04 09:53:37","993870"
"49","26.82","2016-03-04 09:53:50","999930"
"49","26.80","2016-03-04 09:54:08","1005734"
"49","26.80","2016-03-04 09:54:35","1028864"
"49","26.80","2016-03-04 09:54:39","1029316"
"49","26.77","2016-03-04 09:55:10","1042947"
"49","26.76","2016-03-04 09:55:20","1049806"
"49","26.74","2016-03-04 09:55:41","1061233"
"49","26.74","2016-03-04 09:56:05","1072440"
"49","26.73","2016-03-04 09:56:13","1073100"
"49","26.75","2016-03-04 09:56:43","1088777"
"49","26.75","2016-03-04 09:56:50","1089809"
"49","26.75","2016-03-04 09:57:14","1096179"
"49","26.72","2016-03-04 09:57:35","1107369"
"49","26.72","2016-03-04 09:57:45","1110291"
"49","26.72","2016-03-04 09:58:16","1137635"
"49","26.72","2016-03-04 09:58:20","1137635"
"49","26.73","2016-03-04 09:58:48","1145296"
"49","26.72","2016-03-04 09:59:05","1145930"
"49","26.72","2016-03-04 09:59:18","1154996"
"49","26.71","2016-03-04 09:59:49","1179826"
"49","26.71","2016-03-04 09:59:50","1179827"
"49","26.73","2016-03-04 10:00:20","1187782"
"49","26.73","2016-03-04 10:00:35","1188289"
"49","26.72","2016-03-04 10:00:51","1219609"
"49","26.72","2016-03-04 10:01:20","1232866"
"49","26.72","2016-03-04 10:01:22","1232866"
"49","26.73","2016-03-04 10:01:53","1252459"
"49","26.74","2016-03-04 10:02:05","1252981"
"49","26.75","2016-03-04 10:02:24","1282204"
"49","26.75","2016-03-04 10:02:50","1285308"
"49","26.73","2016-03-04 10:02:55","1289875"
"49","26.72","2016-03-04 10:03:26","1299579"
"49","26.72","2016-03-04 10:03:35","1299679"
"49","26.73","2016-03-04 10:03:57","1302979"
"49","26.73","2016-03-04 10:04:20","1334267"
"49","26.73","2016-03-04 10:04:29","1334267"
"49","26.72","2016-03-04 10:04:59","1351013"
"49","26.73","2016-03-04 10:05:05","1354905"
"49","26.72","2016-03-04 10:05:30","1382745"
"49","26.73","2016-03-04 10:05:50","1397448"
"49","26.74","2016-03-04 10:06:01","1398381"
"49","26.79","2016-03-04 10:06:32","1426530"
"49","26.79","2016-03-04 10:06:35","1426530"
"49","26.77","2016-03-04 10:07:04","1449556"
"49","26.75","2016-03-04 10:07:20","1471977"
"49","26.76","2016-03-04 10:07:34","1477994"
"49","26.75","2016-03-04 10:08:05","1510121"
"49","26.75","2016-03-04 10:08:05","1510121"
"49","26.72","2016-03-04 10:08:36","1536787"
"49","26.74","2016-03-04 10:08:50","1543154"
"49","26.74","2016-03-04 10:09:07","1543426"
"49","26.72","2016-03-04 10:09:35","1562799"
"49","26.72","2016-03-04 10:09:38","1563979"
"49","26.71","2016-03-04 10:10:09","1578705"
"49","26.71","2016-03-04 10:10:20","1607113"
"49","26.70","2016-03-04 10:10:40","1614173"
"49","26.70","2016-03-04 10:11:05","1621886"
"49","26.70","2016-03-04 10:11:11","1622986"
"49","26.70","2016-03-04 10:11:42","1656755"
"49","26.70","2016-03-04 10:11:50","1689339"
"49","26.70","2016-03-04 10:12:14","1703211"
"49","26.70","2016-03-04 10:12:35","1727358"
"49","26.71","2016-03-04 10:12:44","1728309"
"49","26.68","2016-03-04 10:13:15","1747484"
"49","26.69","2016-03-04 10:13:20","1757581"
"49","26.69","2016-03-04 10:13:46","1762871"
"49","26.69","2016-03-04 10:14:05","1770329"
"49","26.69","2016-03-04 10:14:17","1773698"
"49","26.71","2016-03-04 10:14:48","1789490"
"49","26.71","2016-03-04 10:14:50","1789890"
"49","26.71","2016-03-04 10:15:19","1792498"
"49","26.71","2016-03-04 10:15:35","1807128"
"49","26.74","2016-03-04 10:15:50","1826459"
"49","26.73","2016-03-04 10:16:20","1883757"
"49","26.73","2016-03-04 10:16:21","1883757"
"49","26.73","2016-03-04 10:16:52","1886550"
"49","26.73","2016-03-04 10:17:05","1886552"
"49","26.71","2016-03-04 10:17:23","1916088"
"49","26.70","2016-03-04 10:17:50","1938731"
"49","26.70","2016-03-04 10:17:54","1938831"
"49","26.69","2016-03-04 10:18:25","1954999"
"49","26.70","2016-03-04 10:18:35","1955225"
"49","26.71","2016-03-04 10:18:56","1959162"
"49","26.72","2016-03-04 10:19:20","1964195"
"49","26.71","2016-03-04 10:19:27","1969197"
"49","26.70","2016-03-04 10:19:58","1974408"
"49","26.71","2016-03-04 10:20:05","1974508"
"49","26.70","2016-03-04 10:20:30","2017944"
"49","26.70","2016-03-04 10:20:50","2037403"
"49","26.68","2016-03-04 10:21:00","2047794"
"49","26.70","2016-03-04 10:21:31","2068354"
"49","26.71","2016-03-04 10:21:35","2068454"
"49","26.72","2016-03-04 10:22:02","2087275"
"49","26.73","2016-03-04 10:22:20","2088935"
"49","26.73","2016-03-04 10:22:33","2091675"
"49","26.73","2016-03-04 10:23:04","2101972"
"49","26.73","2016-03-04 10:23:05","2101972"
"49","26.74","2016-03-04 10:23:35","2114291"
"49","26.76","2016-03-04 10:23:51","2143113"
"49","26.76","2016-03-04 10:24:06","2147678"
"49","26.75","2016-03-04 10:24:35","2159454"
"49","26.75","2016-03-04 10:24:37","2159789"
"49","26.75","2016-03-04 10:25:08","2176309"
"49","26.73","2016-03-04 10:25:20","2184284"
"49","26.74","2016-03-04 10:25:39","2190822"
"49","26.74","2016-03-04 10:26:05","2191882"
"49","26.74","2016-03-04 10:26:11","2191882"
"49","26.77","2016-03-04 10:26:41","2214010"
"49","26.77","2016-03-04 10:26:50","2214112"
"49","26.77","2016-03-04 10:27:12","2216611"
"49","26.79","2016-03-04 10:27:35","2226113"
"49","26.79","2016-03-04 10:27:43","2227191"
"49","26.79","2016-03-04 10:28:14","2233135"
"49","26.79","2016-03-04 10:28:20","2233347"
"49","26.79","2016-03-04 10:28:45","2246171"
"49","26.78","2016-03-04 10:29:05","2254192"
"49","26.77","2016-03-04 10:29:16","2256535"
"49","26.78","2016-03-04 10:29:47","2280392"
"49","26.79","2016-03-04 10:29:50","2280781"
"49","26.79","2016-03-04 10:30:18","2291709"
"49","26.79","2016-03-04 10:30:35","2337549"
"49","26.80","2016-03-04 10:30:49","2343997"
"49","26.82","2016-03-04 10:31:20","2368911"
"49","26.82","2016-03-04 10:31:20","2368911"
"49","26.80","2016-03-04 10:31:52","2424336"
"49","26.78","2016-03-04 10:32:05","2437164"
"49","26.78","2016-03-04 10:32:22","2440138"
"49","26.78","2016-03-04 10:32:50","2464305"
"49","26.78","2016-03-04 10:32:53","2464305"
"49","26.76","2016-03-04 10:33:27","2492580"
"49","26.77","2016-03-04 10:33:35","2494855"
"49","26.77","2016-03-04 10:33:55","2497931"
"49","26.77","2016-03-04 10:34:20","2502979"
"49","26.77","2016-03-04 10:34:26","2503982"
"49","26.76","2016-03-04 10:34:57","2528309"
"49","26.76","2016-03-04 10:35:05","2532285"
"49","26.75","2016-03-04 10:35:28","2535687"
"49","26.73","2016-03-04 10:35:50","2573666"
"49","26.73","2016-03-04 10:35:59","2576369"
"49","26.73","2016-03-04 10:36:30","2590289"
"49","26.72","2016-03-04 10:36:35","2590489"
"49","26.72","2016-03-04 10:37:01","2591930"
"49","26.72","2016-03-04 10:37:20","2594067"
"49","26.72","2016-03-04 10:37:32","2595700"
"49","26.71","2016-03-04 10:38:03","2611464"
"49","26.71","2016-03-04 10:38:05","2611464"
"49","26.69","2016-03-04 10:38:34","2629257"
"49","26.69","2016-03-04 10:38:50","2632694"
"49","26.69","2016-03-04 10:39:05","2635764"
"49","26.70","2016-03-04 10:39:35","2650640"
"49","26.69","2016-03-04 10:39:36","2652640"
"49","26.68","2016-03-04 10:40:07","2675798"
"49","26.69","2016-03-04 10:40:20","2685080"
"49","26.69","2016-03-04 10:40:38","2691579"
"49","26.70","2016-03-04 10:41:09","2709615"
"49","26.70","2016-03-04 10:41:12","2709615"
"49","26.70","2016-03-04 10:41:40","2740690"
"49","26.70","2016-03-04 10:41:50","2750463"
"49","26.71","2016-03-04 10:42:11","2758846"
"49","26.72","2016-03-04 10:42:35","2769768"
"49","26.72","2016-03-04 10:42:42","2770474"
"49","26.73","2016-03-04 10:43:13","2775943"
"49","26.73","2016-03-04 10:43:20","2779115"
"49","26.73","2016-03-04 10:43:44","2795367"
"49","26.73","2016-03-04 10:44:05","2795736"
"49","26.73","2016-03-04 10:44:15","2798474"
"49","26.72","2016-03-04 10:44:46","2814576"
"49","26.72","2016-03-04 10:44:50","2814676"
"49","26.73","2016-03-04 10:45:17","2833779"
"49","26.73","2016-03-04 10:45:36","2849736"
"49","26.73","2016-03-04 10:45:48","2850834"
"49","26.74","2016-03-04 10:46:19","2855866"
"49","26.74","2016-03-04 10:46:20","2855966"
"49","26.75","2016-03-04 10:46:50","2860832"
"49","26.75","2016-03-04 10:47:05","2861632"
"49","26.75","2016-03-04 10:47:21","2866574"
"49","26.72","2016-03-04 10:47:51","2883332"
"49","26.72","2016-03-04 10:47:52","2894597"
"49","26.73","2016-03-04 10:48:23","2904811"
"49","26.73","2016-03-04 10:48:35","2906973"
"49","26.74","2016-03-04 10:48:54","2912800"
"49","26.74","2016-03-04 10:49:20","2914309"
"49","26.74","2016-03-04 10:49:25","2914459"
"49","26.74","2016-03-04 10:49:56","2925911"
"49","26.75","2016-03-04 10:50:09","2926723"
"49","26.75","2016-03-04 10:50:27","2929012"
"49","26.76","2016-03-04 10:50:50","2972273"
"49","26.76","2016-03-04 10:50:59","2973052"
"49","26.76","2016-03-04 10:51:29","2975591"
"49","26.76","2016-03-04 10:51:35","2976697"
"49","26.76","2016-03-04 10:52:00","2979525"
"49","26.76","2016-03-04 10:52:20","2982474"
"49","26.76","2016-03-04 10:52:31","2983826"
"49","26.76","2016-03-04 10:53:02","3058650"
"49","26.77","2016-03-04 10:53:05","3058750"
"49","26.76","2016-03-04 10:53:34","3102756"
"49","26.76","2016-03-04 10:53:50","3142732"
"49","26.77","2016-03-04 10:54:04","3148889"
"49","26.78","2016-03-04 10:54:35","3208520"
"49","26.78","2016-03-04 10:54:35","3208520"
"49","26.79","2016-03-04 10:55:06","3227957"
"49","26.79","2016-03-04 10:55:20","3233705"
"49","26.79","2016-03-04 10:55:37","3236451"
"49","26.78","2016-03-04 10:56:05","3255841"
"49","26.79","2016-03-04 10:56:09","3257448"
"49","26.81","2016-03-04 10:56:39","3282562"
"49","26.80","2016-03-04 10:56:50","3295388"
"49","26.81","2016-03-04 10:57:10","3299307"
"49","26.80","2016-03-04 10:57:35","3321805"
"49","26.79","2016-03-04 10:57:41","3328177"
"49","26.79","2016-03-04 10:58:12","3329574"
"49","26.79","2016-03-04 10:58:20","3334271"
"49","26.80","2016-03-04 10:58:43","3338215"
"49","26.80","2016-03-04 10:59:05","3341336"
"49","26.80","2016-03-04 10:59:14","3354487"
"49","26.79","2016-03-04 10:59:45","3368321"
"49","26.79","2016-03-04 10:59:50","3377198"
"49","26.78","2016-03-04 11:00:16","3401745"
"49","26.78","2016-03-04 11:00:35","3408658"
"49","26.78","2016-03-04 11:00:47","3415083"
"49","26.78","2016-03-04 11:01:18","3463143"
"49","26.78","2016-03-04 11:01:20","3463243"
"49","26.79","2016-03-04 11:01:49","3464875"
"49","26.79","2016-03-04 11:02:05","3473470"
"49","26.79","2016-03-04 11:02:20","3474018"
"49","26.78","2016-03-04 11:02:50","3485071"
"49","26.78","2016-03-04 11:02:51","3485071"
"49","26.78","2016-03-04 11:03:22","3494881"
"49","26.78","2016-03-04 11:03:35","3496445"
"49","26.76","2016-03-04 11:03:53","3512500"
"49","26.77","2016-03-04 11:04:21","3514193"
"49","26.77","2016-03-04 11:04:24","3514303"
"49","26.78","2016-03-04 11:04:56","3532071"
"49","26.76","2016-03-04 11:05:05","3541099"
"49","26.76","2016-03-04 11:05:26","3552546"
"49","26.76","2016-03-04 11:05:51","3554785"
"49","26.76","2016-03-04 11:06:05","3558362"
"49","26.75","2016-03-04 11:06:28","3559960"
"49","26.75","2016-03-04 11:06:35","3562549"
"49","26.75","2016-03-04 11:06:59","3576972"
"49","26.76","2016-03-04 11:07:21","3586695"
"49","26.76","2016-03-04 11:07:30","3588476"
"49","26.76","2016-03-04 11:08:16","3598929"
"49","26.76","2016-03-04 11:08:36","3602774"
"49","26.76","2016-03-04 11:08:46","3604335"
"49","26.76","2016-03-04 11:08:52","3605915"
"49","26.75","2016-03-04 11:09:03","3607431"
"49","26.77","2016-03-04 11:09:34","3622421"
"49","26.77","2016-03-04 11:09:35","3622421"
"49","26.79","2016-03-04 11:10:05","3632881"
"49","26.79","2016-03-04 11:10:21","3646595"
"49","26.79","2016-03-04 11:10:37","3648074"
"49","26.79","2016-03-04 11:11:07","3654638"
"49","26.79","2016-03-04 11:11:07","3654638"
"49","26.80","2016-03-04 11:11:41","3691063"
"49","26.80","2016-03-04 11:11:50","3691523"
"49","26.79","2016-03-04 11:12:09","3692564"
"49","26.80","2016-03-04 11:12:43","3727031"
"49","26.80","2016-03-04 11:12:44","3727031"
"49","26.78","2016-03-04 11:13:14","3738272"
"49","26.79","2016-03-04 11:13:24","3746038"
"49","26.80","2016-03-04 11:13:52","3751020"
"49","26.80","2016-03-04 11:14:09","3752700"
"49","26.79","2016-03-04 11:14:24","3753050"
"49","26.79","2016-03-04 11:14:48","3764407"
"49","26.80","2016-03-04 11:15:03","3768712"
"49","26.80","2016-03-04 11:15:44","3833085"
"49","26.80","2016-03-04 11:15:54","3833887"
"49","26.80","2016-03-04 11:15:57","3833887"
"49","26.79","2016-03-04 11:16:51","3886936"
"49","26.79","2016-03-04 11:16:51","3886936"
"49","26.79","2016-03-04 11:16:55","3896745"
"49","26.79","2016-03-04 11:17:18","3899128"
"49","26.79","2016-03-04 11:17:35","3904166"
"49","26.79","2016-03-04 11:18:24","3910182"
"49","26.79","2016-03-04 11:18:24","3910743"
"49","26.78","2016-03-04 11:18:32","3913309"
"49","26.81","2016-03-04 11:20:25","4024164"
"49","26.81","2016-03-04 11:20:26","4024165"
"49","26.81","2016-03-04 11:20:26","4024165"
"49","26.82","2016-03-04 11:21:02","4040762"
"49","26.82","2016-03-04 11:21:04","4040922"
"49","26.82","2016-03-04 11:21:47","4051136"
"49","26.82","2016-03-04 11:21:51","4051136"
"49","26.82","2016-03-04 11:22:18","4052514"
"49","26.81","2016-03-04 11:22:21","4053551"
"49","26.82","2016-03-04 11:22:36","4073292"
"49","26.82","2016-03-04 11:23:02","4078352"
"49","26.82","2016-03-04 11:23:07","4078408"
"49","26.81","2016-03-04 11:23:32","4085214"
"49","26.82","2016-03-04 11:23:53","4086008"
"49","26.82","2016-03-04 11:24:10","4086975"
"49","26.82","2016-03-04 11:24:40","4090322"
"49","26.82","2016-03-04 11:24:42","4090322"
"49","26.83","2016-03-04 11:25:08","4605448"
"49","26.82","2016-03-04 11:25:32","4611094"
"49","26.83","2016-03-04 11:25:44","4612169"
"49","26.82","2016-03-04 11:26:15","4635731"
"49","26.82","2016-03-04 11:26:15","4635731"
"49","26.82","2016-03-04 11:26:47","4647554"
"49","26.83","2016-03-04 11:26:54","4652511"
"49","26.82","2016-03-04 11:27:13","4658746"
"49","26.82","2016-03-04 11:27:38","4664116"
"49","26.82","2016-03-04 11:27:42","4664119"
"49","26.84","2016-03-04 11:28:16","4675940"
"49","26.84","2016-03-04 11:28:21","4702040"
"49","26.85","2016-03-04 11:28:42","4720973"
"49","26.84","2016-03-04 11:29:05","4731765"
"49","26.85","2016-03-04 11:29:12","4732224"
"49","26.85","2016-03-04 11:29:50","4737740"
"49","26.86","2016-03-04 11:29:56","4744352"
"49","26.84","2016-03-04 11:30:31","4875130"
"49","26.84","2016-03-04 11:30:40","4875330"
"49","26.85","2016-03-04 11:31:19","4884067"
"49","26.85","2016-03-04 11:31:20","4884067"
"49","26.87","2016-03-04 11:31:48","4899838"
"49","26.87","2016-03-04 11:32:05","4908860"
"49","26.87","2016-03-04 11:32:18","4916460"
"49","26.87","2016-03-04 11:32:49","4923578"
"49","26.87","2016-03-04 11:32:50","4923578"
"49","26.88","2016-03-04 11:33:20","4940101"
"49","26.88","2016-03-04 11:33:35","4957508"
"49","26.89","2016-03-04 11:33:51","4959214"
"49","26.89","2016-03-04 11:34:20","5001542"
"49","26.89","2016-03-04 11:34:22","5001542"
"49","26.89","2016-03-04 11:34:53","5039640"
"49","26.88","2016-03-04 11:35:05","5052581"
"49","26.89","2016-03-04 11:35:24","5091930"
"49","26.89","2016-03-04 11:35:50","5112460"
"49","26.88","2016-03-04 11:35:55","5147510"
"49","26.88","2016-03-04 11:36:26","5160897"
"49","26.89","2016-03-04 11:36:36","5163991"
"49","26.90","2016-03-04 11:36:58","5198454"
"49","26.88","2016-03-04 11:37:20","5213113"
"49","26.88","2016-03-04 11:37:28","5213181"
"49","26.89","2016-03-04 11:38:00","5230630"
"49","26.89","2016-03-04 11:38:05","5230930"
"49","26.88","2016-03-04 11:38:30","5244493"
"49","26.89","2016-03-04 11:38:50","5253776"
"49","26.89","2016-03-04 11:39:01","5263583"
"49","26.90","2016-03-04 11:39:32","5281776"
"49","26.90","2016-03-04 11:39:35","5281776"
"49","26.90","2016-03-04 11:40:03","5296524"
"49","26.90","2016-03-04 11:40:20","5301768"
"49","26.90","2016-03-04 11:40:34","5304566"
"49","26.91","2016-03-04 11:41:05","5356803"
"49","26.91","2016-03-04 11:41:05","5356803"
"49","26.90","2016-03-04 11:41:27","5371232"
"49","26.90","2016-03-04 11:41:39","5373132"
"49","26.92","2016-03-04 11:41:51","5384851"
"49","26.92","2016-03-04 11:42:15","5413297"
"49","26.92","2016-03-04 11:42:35","5419496"
"49","26.92","2016-03-04 11:42:40","5430020"
"49","26.89","2016-03-04 11:43:10","5465209"
"49","26.89","2016-03-04 11:43:21","5467309"
"49","26.89","2016-03-04 11:43:40","5478153"
"49","26.90","2016-03-04 11:44:09","5530957"
"49","26.89","2016-03-04 11:44:21","5533912"
"49","26.90","2016-03-04 11:44:51","5592429"
"49","26.90","2016-03-04 11:44:51","5592429"
"49","26.89","2016-03-04 11:45:13","5595308"
"49","26.89","2016-03-04 11:45:35","5599608"
"49","26.89","2016-03-04 11:45:44","5601304"
"49","26.90","2016-03-04 11:46:15","5619808"
"49","26.90","2016-03-04 11:46:20","5619808"
"49","26.89","2016-03-04 11:46:46","5636570"
"49","26.89","2016-03-04 11:47:05","5653895"
"49","26.89","2016-03-04 11:47:17","5654206"
"49","26.88","2016-03-04 11:47:48","5664353"
"49","26.88","2016-03-04 11:47:50","5665686"
"49","26.89","2016-03-04 11:48:20","5675360"
"49","26.87","2016-03-04 11:48:35","5679817"
"49","26.88","2016-03-04 11:48:50","5680504"
"49","26.89","2016-03-04 11:49:20","5699768"
"49","26.89","2016-03-04 11:49:21","5699768"
"49","26.88","2016-03-04 11:49:52","5738059"
"49","26.88","2016-03-04 11:50:05","5747336"
"49","26.88","2016-03-04 11:50:23","5754506"
"49","26.88","2016-03-04 11:50:50","5779301"
"49","26.88","2016-03-04 11:50:54","5779301"
"49","26.89","2016-03-04 11:51:26","5780842"
"49","26.90","2016-03-04 11:51:35","5792697"
"49","26.89","2016-03-04 11:51:56","5795912"
"49","26.89","2016-03-04 11:52:20","5804247"
"49","26.88","2016-03-04 11:52:27","5804697"
"49","26.90","2016-03-04 11:52:58","5823685"
"49","26.89","2016-03-04 11:53:05","5828963"
"49","26.88","2016-03-04 11:53:29","5830885"
"49","26.87","2016-03-04 11:53:53","5837772"
"49","26.86","2016-03-04 11:54:00","5844869"
"49","26.86","2016-03-04 11:54:34","5877976"
"49","26.86","2016-03-04 11:54:35","5877976"
"49","26.86","2016-03-04 11:55:02","5888534"
"49","26.86","2016-03-04 11:55:21","5890694"
"49","26.84","2016-03-04 11:55:33","5897476"
"49","26.85","2016-03-04 11:56:05","5906380"
"49","26.85","2016-03-04 11:56:05","5906380"
"49","26.85","2016-03-04 11:56:35","5912069"
"49","26.85","2016-03-04 11:56:50","5916423"
"49","26.85","2016-03-04 11:57:06","5931173"
"49","26.85","2016-03-04 11:57:35","5935420"
"49","26.84","2016-03-04 11:57:37","5943822"
"49","26.84","2016-03-04 11:58:08","5950609"
"49","26.84","2016-03-04 11:58:20","5950874"
"49","26.83","2016-03-04 11:58:39","5954331"
"49","26.84","2016-03-04 11:59:05","5956473"
"49","26.83","2016-03-04 11:59:10","5956673"
"49","26.84","2016-03-04 11:59:43","5963559"
"49","26.84","2016-03-04 11:59:50","5963559"
"49","26.84","2016-03-04 12:00:12","5969988"
"49","26.85","2016-03-04 12:00:36","5976993"
"49","26.85","2016-03-04 12:00:44","5977993"
"49","26.85","2016-03-04 12:01:14","5981089"
"49","26.85","2016-03-04 12:01:20","5981279"
"49","26.85","2016-03-04 12:01:45","5983100"
"49","26.86","2016-03-04 12:02:05","5988178"
"49","26.86","2016-03-04 12:02:16","5989540"
"49","26.85","2016-03-04 12:02:47","5990647"
"49","26.85","2016-03-04 12:02:50","5990647"
"49","26.85","2016-03-04 12:03:18","6003446"
"49","26.84","2016-03-04 12:03:35","6004259"
"49","26.85","2016-03-04 12:03:49","6004459"
"49","26.85","2016-03-04 12:04:20","6026403"
"49","26.85","2016-03-04 12:04:21","6026403"
"49","26.84","2016-03-04 12:04:52","6030220"
"49","26.84","2016-03-04 12:05:05","6032426"
"49","26.85","2016-03-04 12:05:22","6055033"
"49","26.85","2016-03-04 12:06:00","6101547"
"49","26.84","2016-03-04 12:06:03","6104177"
"49","26.85","2016-03-04 12:06:28","6107652"
"49","26.85","2016-03-04 12:06:35","6107852"
"49","26.84","2016-03-04 12:06:55","6111599"
"49","26.85","2016-03-04 12:07:20","6126606"
"49","26.86","2016-03-04 12:07:26","6136442"
"49","26.86","2016-03-04 12:07:57","6144347"
"49","26.85","2016-03-04 12:08:05","6198429"
"49","26.85","2016-03-04 12:08:28","6205372"
"49","26.85","2016-03-04 12:08:50","6207594"
"49","26.84","2016-03-04 12:08:59","6208898"
"49","26.84","2016-03-04 12:09:30","6298041"
"49","26.84","2016-03-04 12:09:35","6298243"
"49","26.84","2016-03-04 12:10:02","6300513"
"49","26.83","2016-03-04 12:10:20","6316993"
"49","26.84","2016-03-04 12:10:32","6317214"
"49","26.84","2016-03-04 12:11:03","6319054"
"49","26.84","2016-03-04 12:11:05","6319173"
"49","26.81","2016-03-04 12:11:34","6378879"
"49","26.82","2016-03-04 12:11:50","6379279"
"49","26.81","2016-03-04 12:12:06","6381926"
"49","26.82","2016-03-04 12:12:35","6393225"
"49","26.82","2016-03-04 12:12:36","6393225"
"49","26.81","2016-03-04 12:13:07","6396197"
"49","26.82","2016-03-04 12:13:20","6399797"
"49","26.82","2016-03-04 12:13:38","6400675"
"49","26.82","2016-03-04 12:14:05","6408147"
"49","26.81","2016-03-04 12:14:09","6410656"
"49","26.82","2016-03-04 12:14:40","6430569"
"49","26.82","2016-03-04 12:14:51","6451520"
"49","26.82","2016-03-04 12:15:12","6467400"
"49","26.82","2016-03-04 12:15:35","6470208"
"49","26.82","2016-03-04 12:15:42","6471483"
"49","26.81","2016-03-04 12:16:13","6478364"
"49","26.81","2016-03-04 12:16:20","6478464"
"49","26.82","2016-03-04 12:16:44","6481482"
"49","26.80","2016-03-04 12:17:05","6554616"
"49","26.81","2016-03-04 12:17:15","6555674"
"49","26.81","2016-03-04 12:17:46","6566686"
"49","26.81","2016-03-04 12:17:50","6566686"
"49","26.83","2016-03-04 12:18:17","6607871"
"49","26.83","2016-03-04 12:18:35","6608103"
"49","26.83","2016-03-04 12:18:48","6608370"
"49","26.83","2016-03-04 12:19:19","6613203"
"49","26.83","2016-03-04 12:19:20","6613203"
"49","26.83","2016-03-04 12:19:50","6763983"
"49","26.82","2016-03-04 12:20:05","6829416"
"49","26.81","2016-03-04 12:20:21","6839591"
"49","26.80","2016-03-04 12:20:50","7090305"
"49","26.80","2016-03-04 12:20:52","7090305"
"49","26.80","2016-03-04 12:21:24","7110220"
"49","26.80","2016-03-04 12:21:35","7111234"
"49","26.78","2016-03-04 12:21:54","7247452"
"49","26.77","2016-03-04 12:22:20","7271283"
"49","26.77","2016-03-04 12:22:25","7271283"
"49","26.77","2016-03-04 12:22:56","7278019"
"49","26.77","2016-03-04 12:23:05","7278394"
"49","26.77","2016-03-04 12:23:27","7292924"
"49","26.77","2016-03-04 12:23:50","7320059"
"49","26.77","2016-03-04 12:23:58","7329785"
"49","26.76","2016-03-04 12:24:29","7425316"
"49","26.76","2016-03-04 12:24:35","7426646"
"49","26.75","2016-03-04 12:25:00","7475877"
"49","26.76","2016-03-04 12:25:20","7566793"
"49","26.75","2016-03-04 12:25:31","7603250"
"49","26.77","2016-03-04 12:26:02","7627140"
"49","26.77","2016-03-04 12:26:05","7628140"
"49","26.76","2016-03-04 12:26:33","7629877"
"49","26.75","2016-03-04 12:26:50","7660805"
"49","26.75","2016-03-04 12:27:04","7673751"
"49","26.78","2016-03-04 12:27:35","7696872"
"49","26.78","2016-03-04 12:27:36","7696872"
"49","26.77","2016-03-04 12:28:06","7700137"
"49","26.77","2016-03-04 12:28:20","7700813"
"49","26.76","2016-03-04 12:29:05","7717452"
"49","26.76","2016-03-04 12:29:50","7765471"
"49","26.76","2016-03-04 12:30:35","7770570"
"49","26.74","2016-03-04 12:31:20","7821919"
"49","26.75","2016-03-04 12:32:05","7848588"
"49","26.74","2016-03-04 12:32:50","7880117"
"49","26.75","2016-03-04 12:33:35","7895578"
"49","26.75","2016-03-04 12:34:20","7906538"
"49","26.75","2016-03-04 12:35:05","8024352"
"49","26.75","2016-03-04 12:35:50","8057094"
"49","26.77","2016-03-04 12:36:35","8119337"
"49","26.76","2016-03-04 12:37:20","8161778"
"49","26.75","2016-03-04 12:38:05","8183909"
"49","26.75","2016-03-04 12:38:50","8216490"
"49","26.76","2016-03-04 12:39:35","8221687"
"49","26.76","2016-03-04 12:40:20","8237465"
"49","26.76","2016-03-04 12:41:05","8257983"
"49","26.77","2016-03-04 12:41:50","8295543"
"49","26.78","2016-03-04 12:42:35","8392049"
"49","26.78","2016-03-04 12:43:20","8403945"
"49","26.77","2016-03-04 12:44:05","8464166"
"49","26.76","2016-03-04 12:44:50","8477638"
"49","26.78","2016-03-04 12:45:35","8510340"
"49","26.78","2016-03-04 12:46:20","8515218"
"49","26.78","2016-03-04 12:47:05","8527776"
"49","26.78","2016-03-04 12:47:50","8554051"
"49","26.79","2016-03-04 12:48:35","8565545"
"49","26.79","2016-03-04 12:49:20","8572771"
"49","26.80","2016-03-04 12:50:08","8595409"
"49","26.81","2016-03-04 12:50:50","8624235"
"49","26.84","2016-03-04 12:51:35","8646891"
"49","26.84","2016-03-04 12:52:20","8736863"
"49","26.84","2016-03-04 12:53:05","8746657"
"49","26.85","2016-03-04 12:53:50","8762695"
"49","26.85","2016-03-04 12:54:35","8772523"
"49","26.86","2016-03-04 12:55:23","8789434"
"49","26.86","2016-03-04 12:56:05","8842080"
"49","26.86","2016-03-04 12:56:50","8904664"
"49","26.83","2016-03-04 12:57:35","8936700"
"49","26.82","2016-03-04 12:58:20","8968640"
"49","26.83","2016-03-04 12:59:05","8970347"
"49","26.83","2016-03-04 12:59:53","8978065"
"49","26.83","2016-03-04 13:00:35","8986974"
"49","26.83","2016-03-04 13:01:20","9006174"
"49","26.80","2016-03-04 13:02:05","9038117"
"49","26.79","2016-03-04 13:02:50","9055727"
"49","26.80","2016-03-04 13:03:35","9064585"
"49","26.81","2016-03-04 13:04:20","9133221"
"49","26.81","2016-03-04 13:05:05","9150732"
"49","26.84","2016-03-04 13:05:50","9179057"
"49","26.84","2016-03-04 13:06:35","9182939"
"49","26.84","2016-03-04 13:07:20","9209737"
"49","26.87","2016-03-04 13:08:07","9230167"
"49","26.87","2016-03-04 13:08:50","9254972"
"49","26.88","2016-03-04 13:09:35","9278209"
"49","26.88","2016-03-04 13:10:20","9295895"
"49","26.88","2016-03-04 13:11:05","9311468"
"49","26.88","2016-03-04 13:11:50","9319010"
"49","26.88","2016-03-04 13:21:17","9476525"
"49","26.88","2016-03-04 13:21:17","9476525"
"49","26.89","2016-03-04 13:21:54","9482163"
"49","26.87","2016-03-04 13:21:56","9491800"
"49","26.87","2016-03-04 13:22:30","9502887"
"49","26.87","2016-03-04 13:22:57","9506847"
"49","26.88","2016-03-04 13:23:16","9508523"
"49","26.87","2016-03-04 13:24:00","9511145"
"49","26.87","2016-03-04 13:24:45","9514379"
"49","26.87","2016-03-04 13:25:30","9517985"
"49","26.87","2016-03-04 13:27:09","9535451"
"49","26.88","2016-03-04 13:27:46","9538773"
"49","26.85","2016-03-04 13:28:31","9571399"
"49","26.86","2016-03-04 13:29:16","9606770"
"49","26.86","2016-03-04 13:30:00","9613743"
"49","26.86","2016-03-04 13:30:46","9619258"
"49","26.85","2016-03-04 13:31:31","9636970"
"49","26.85","2016-03-04 13:32:16","9642510"
"49","26.86","2016-03-04 13:33:01","9653256"
"49","26.85","2016-03-04 13:33:45","9662132"
"49","26.85","2016-03-04 13:34:34","9666945"
"49","26.85","2016-03-04 13:35:15","9755724"
"49","26.86","2016-03-04 13:36:00","9760516"
"49","26.86","2016-03-04 13:36:48","9766013"
"49","26.84","2016-03-04 13:37:30","9783979"
"49","26.86","2016-03-04 13:38:15","9823627"
"49","26.86","2016-03-04 13:39:01","9826723"
"49","26.88","2016-03-04 13:39:45","9845767"
"49","26.87","2016-03-04 13:40:31","9871429"
"49","26.88","2016-03-04 13:41:15","9891585"
"49","26.88","2016-03-04 13:42:00","9914750"
"49","26.86","2016-03-04 13:42:45","9933446"
"49","26.87","2016-03-04 13:43:31","9941585"
"49","26.87","2016-03-04 13:44:15","9979894"
"49","26.87","2016-03-04 13:45:00","9991004"
"49","26.87","2016-03-04 13:45:46","10017778"
"49","26.88","2016-03-04 13:46:31","10029187"
"49","26.87","2016-03-04 13:47:15","10040006"
"49","26.87","2016-03-04 13:48:01","10057165"
"49","26.85","2016-03-04 13:48:46","10142813"
"49","26.85","2016-03-04 13:49:30","10150981"
"49","26.86","2016-03-04 13:50:15","10175078"
"49","26.85","2016-03-04 13:51:01","10188252"
"49","26.86","2016-03-04 13:51:45","10196491"
"49","26.85","2016-03-04 13:52:30","10199520"
"49","26.86","2016-03-04 13:53:15","10234648"
"49","26.87","2016-03-04 13:54:01","10240556"
"49","26.87","2016-03-04 13:54:45","10271009"
"49","26.87","2016-03-04 13:55:31","10279322"
"49","26.88","2016-03-04 13:56:16","10308378"
"49","26.88","2016-03-04 13:57:00","10335954"
"49","26.89","2016-03-04 13:57:45","10351292"
"49","26.89","2016-03-04 13:58:30","10359670"
"49","26.89","2016-03-04 13:59:16","10373231"
"49","26.90","2016-03-04 14:00:01","10376662"
"49","26.90","2016-03-04 14:00:46","10416267"
"49","26.89","2016-03-04 14:01:31","10419798"
"49","26.90","2016-03-04 14:02:17","10428484"
"49","26.89","2016-03-04 14:03:00","10444423"
"49","26.90","2016-03-04 14:03:45","10447262"
"49","26.90","2016-03-04 14:04:30","10460610"
"49","26.89","2016-03-04 14:05:39","10475686"
"49","26.90","2016-03-04 14:06:13","10515545"
"49","26.90","2016-03-04 14:06:45","10530538"
"49","26.91","2016-03-04 14:07:31","10539234"
"49","26.91","2016-03-04 14:08:16","10544436"
"49","26.91","2016-03-04 14:09:04","10550323"
"49","26.92","2016-03-04 14:09:45","10563814"
"49","26.92","2016-03-04 14:10:30","10574802"
"49","26.93","2016-03-04 14:11:16","10616467"
"49","26.92","2016-03-04 14:12:00","10638086"
"49","26.93","2016-03-04 14:12:45","10654305"
"49","26.93","2016-03-04 14:13:30","10659346"
"49","26.93","2016-03-04 14:14:16","10674012"
"49","26.92","2016-03-04 14:15:00","10690961"
"49","26.91","2016-03-04 14:15:46","10715748"
"49","26.91","2016-03-04 14:16:30","10752128"
"49","26.91","2016-03-04 14:17:16","10779140"
"49","26.90","2016-03-04 14:18:00","10783696"
"49","26.91","2016-03-04 14:18:47","10797005"
"49","26.91","2016-03-04 14:19:33","10804106"
"49","26.90","2016-03-04 14:20:16","10810075"
"49","26.91","2016-03-04 14:21:01","10900263"
"49","26.92","2016-03-04 14:21:45","10924428"
"49","26.91","2016-03-04 14:22:32","10936586"
"49","26.92","2016-03-04 14:23:15","10946354"
"49","26.89","2016-03-04 14:24:00","10989483"
"49","26.87","2016-03-04 14:24:45","11005204"
"49","26.87","2016-03-04 14:25:31","11022404"
"49","26.87","2016-03-04 14:26:16","11029797"
"49","26.85","2016-03-04 14:27:00","11037928"
"49","26.86","2016-03-04 14:27:45","11046271"
"49","26.86","2016-03-04 14:28:30","11068148"
"49","26.86","2016-03-04 14:29:15","11091423"
"49","26.86","2016-03-04 14:30:00","11098351"
"49","26.87","2016-03-04 14:30:46","11148258"
"49","26.87","2016-03-04 14:31:30","11155351"
"49","26.86","2016-03-04 14:32:15","11197721"
"49","26.87","2016-03-04 14:33:00","11217325"
"49","26.86","2016-03-04 14:33:45","11247612"
"49","26.85","2016-03-04 14:34:30","11257785"
"49","26.83","2016-03-04 14:35:15","11284822"
"49","26.83","2016-03-04 14:36:01","11335357"
"49","26.81","2016-03-04 14:36:46","11379915"
"49","26.81","2016-03-04 14:37:39","11447855"
"49","26.81","2016-03-04 14:38:15","11462081"
"49","26.80","2016-03-04 14:39:01","11483304"
"49","26.80","2016-03-04 14:39:46","11492801"
"49","26.79","2016-03-04 14:40:30","11645744"
"49","26.79","2016-03-04 14:41:15","11663767"
"49","26.78","2016-03-04 14:42:02","11700491"
"49","26.78","2016-03-04 14:42:45","11759241"
"49","26.81","2016-03-04 14:43:30","11778281"
"49","26.80","2016-03-04 14:44:15","11790486"
"49","26.78","2016-03-04 14:45:00","11816148"
"49","26.78","2016-03-04 14:45:45","11821277"
"49","26.79","2016-03-04 14:46:30","11847849"
"49","26.78","2016-03-04 14:47:15","11864088"
"49","26.78","2016-03-04 14:48:01","11876550"
"49","26.77","2016-03-04 14:48:45","11902295"
"49","26.77","2016-03-04 14:49:30","11912996"
"49","26.77","2016-03-04 14:50:15","11921980"
"49","26.76","2016-03-04 14:51:00","11950188"
"49","26.75","2016-03-04 14:51:45","11984276"
"49","26.74","2016-03-04 14:52:30","12067785"
"49","26.75","2016-03-04 14:53:15","12090940"
"49","26.75","2016-03-04 14:54:00","12107580"
"49","26.75","2016-03-04 14:54:46","12143735"
"49","26.75","2016-03-04 14:55:30","12151644"
"49","26.73","2016-03-04 14:56:15","12180715"
"49","26.76","2016-03-04 14:57:01","12374371"
"49","26.75","2016-03-04 14:57:45","12410253"
"49","26.75","2016-03-04 14:58:31","12416891"
"49","26.76","2016-03-04 14:59:20","12446493"
"49","26.76","2016-03-04 15:00:01","12455839"
"49","26.74","2016-03-04 15:00:46","12488051"
"49","26.75","2016-03-04 15:01:31","12495909"
"49","26.75","2016-03-04 15:02:15","12512456"
"49","26.75","2016-03-04 15:03:01","12521819"
"49","26.76","2016-03-04 15:03:45","12534357"
"49","26.77","2016-03-04 15:04:31","12561987"
"49","26.76","2016-03-04 15:05:15","12599245"
"49","26.74","2016-03-04 15:06:00","12634346"
"49","26.76","2016-03-04 15:06:45","12647540"
"49","26.74","2016-03-04 15:07:30","12677775"
"49","26.76","2016-03-04 15:08:15","12685730"
"49","26.74","2016-03-04 15:09:01","12716433"
"49","26.74","2016-03-04 15:09:46","12770548"
"49","26.74","2016-03-04 15:10:30","12988371"
"49","26.74","2016-03-04 15:11:17","13028413"
"49","26.75","2016-03-04 15:12:00","13052573"
"49","26.76","2016-03-04 15:12:51","13065121"
"49","26.75","2016-03-04 15:13:30","13091576"
"49","26.75","2016-03-04 15:14:15","13115246"
"49","26.77","2016-03-04 15:15:00","13139137"
"49","26.76","2016-03-04 15:15:45","13164036"
"49","26.76","2016-03-04 15:16:32","13200624"
"49","26.75","2016-03-04 15:17:27","13232224"
"49","26.73","2016-03-04 15:18:47","13273611"
"49","26.73","2016-03-04 15:18:48","13273611"
"49","26.72","2016-03-04 15:20:05","13343803"
"49","26.72","2016-03-04 15:20:30","13359651"
"49","26.72","2016-03-04 15:21:31","13392300"
"49","26.73","2016-03-04 15:23:05","13432553"
"49","26.74","2016-03-04 15:24:33","13489783"
"49","26.74","2016-03-04 15:24:35","13490833"
"49","26.72","2016-03-04 15:26:03","13508810"
"49","26.73","2016-03-04 15:26:16","13516983"
"49","26.70","2016-03-04 15:27:01","13559453"
"49","26.69","2016-03-04 15:27:45","13654376"
"49","26.69","2016-03-04 15:28:31","13705787"
"49","26.68","2016-03-04 15:29:15","13731370"
"49","26.68","2016-03-04 15:30:01","13753058"
"49","26.69","2016-03-04 15:30:46","13784749"
"49","26.70","2016-03-04 15:31:34","13797154"
"49","26.71","2016-03-04 15:32:15","13826332"
"49","26.72","2016-03-04 15:33:00","13934952"
"49","26.73","2016-03-04 15:33:45","13953119"
"49","26.72","2016-03-04 15:34:30","13971229"
"49","26.73","2016-03-04 15:35:16","13984752"
"49","26.71","2016-03-04 15:36:01","14038872"
"49","26.70","2016-03-04 15:36:45","14048734"
"49","26.70","2016-03-04 15:37:31","14058252"
"49","26.71","2016-03-04 15:38:16","14072727"
"49","26.70","2016-03-04 15:39:02","14161133"
"49","26.70","2016-03-04 15:39:45","14168668"
"49","26.72","2016-03-04 15:40:32","14214284"
"49","26.71","2016-03-04 15:41:16","14229502"
"49","26.71","2016-03-04 15:42:00","14248404"
"49","26.72","2016-03-04 15:42:46","14260127"
"49","26.73","2016-03-04 15:43:31","14306488"
"49","26.73","2016-03-04 15:44:15","14336869"
"49","26.73","2016-03-04 15:45:00","14354197"
"49","26.73","2016-03-04 15:45:45","14432131"
"49","26.74","2016-03-04 15:46:31","14450565"
"49","26.75","2016-03-04 15:47:16","14481007"
"49","26.77","2016-03-04 15:48:01","14518685"
"49","26.77","2016-03-04 15:48:46","14534420"
"49","26.76","2016-03-04 15:49:31","14632542"
"49","26.78","2016-03-04 15:50:16","14725039"
"49","26.77","2016-03-04 15:51:01","14757350"
"49","26.76","2016-03-04 15:51:46","14777535"
"49","26.77","2016-03-04 15:52:30","14785815"
"49","26.77","2016-03-04 15:53:17","14797315"
"49","26.77","2016-03-04 15:54:01","14823735"
"49","26.80","2016-03-04 15:54:45","14857085"
"49","26.80","2016-03-04 15:55:34","14930243"
"49","26.80","2016-03-04 15:56:15","14937385"
"49","26.82","2016-03-04 15:57:01","15034520"
"49","26.81","2016-03-04 15:57:46","15059344"
"49","26.81","2016-03-04 15:58:44","15078349"
"49","26.81","2016-03-04 15:59:15","15089857"
"49","26.81","2016-03-04 16:00:09","15109520"
"49","26.81","2016-03-04 16:00:58","15135684"
"49","26.81","2016-03-04 16:01:52","15165002"
"49","26.81","2016-03-04 16:02:15","15187712"
"49","26.79","2016-03-04 16:03:00","15273077"
"49","26.80","2016-03-04 16:03:46","15344093"
"49","26.81","2016-03-04 16:04:31","15424358"
"49","26.81","2016-03-04 16:05:15","15541865"
"49","26.80","2016-03-04 16:06:00","15575308"
"49","26.80","2016-03-04 16:06:45","15689464"
"49","26.80","2016-03-04 16:07:31","15710651"
"49","26.79","2016-03-04 16:08:15","15773407"
"49","26.77","2016-03-04 16:09:00","15818359"
"49","26.78","2016-03-04 16:09:45","15869865"
"49","26.81","2016-03-04 16:10:30","15932302"
"49","26.80","2016-03-04 16:11:16","15988891"
"49","26.80","2016-03-04 16:12:01","16020779"
"49","26.78","2016-03-04 16:12:45","16282722"
"49","26.79","2016-03-04 16:13:30","16422862"
"49","26.80","2016-03-04 16:14:28","16702423"
"49","26.80","2016-03-04 16:15:01","19173784"
"49","26.80","2016-03-04 16:15:46","19316504"
"49","26.80","2016-03-04 16:16:30","19316504"
"49","26.80","2016-03-04 16:17:16","19316504"
"49","26.80","2016-03-04 16:18:03","19316504"
"49","26.80","2016-03-04 16:18:47","19316504"
"49","26.80","2016-03-04 16:19:33","19316504"
"49","26.80","2016-03-04 16:20:15","19316504"
