"44","712.42","2016-03-04 09:21:38","1893"
"44","712.42","2016-03-04 09:23:24","1981"
"44","712.42","2016-03-04 09:23:41","1981"
"44","712.42","2016-03-04 09:24:34","1981"
"44","712.42","2016-03-04 09:24:40","1981"
"44","712.42","2016-03-04 09:25:52","1981"
"44","712.42","2016-03-04 09:26:31","1988"
"44","712.42","2016-03-04 09:27:02","1988"
"44","712.42","2016-03-04 09:28:01","1989"
"44","712.42","2016-03-04 09:28:07","1989"
"44","712.42","2016-03-04 09:28:48","1989"
"44","712.42","2016-03-04 09:35:03","2060"
"44","712.42","2016-03-04 09:35:07","2060"
"44","712.42","2016-03-04 09:35:49","2060"
"44","712.42","2016-03-04 09:35:55","2060"
"44","712.42","2016-03-04 09:37:59","2208"
"44","712.42","2016-03-04 09:38:02","2208"
"44","712.42","2016-03-04 09:39:06","2452"
"44","712.42","2016-03-04 09:40:34","2975"
"44","712.42","2016-03-04 09:40:45","2975"
"44","712.42","2016-03-04 09:41:06","2975"
"44","715.05","2016-03-04 09:47:45","91650"
"44","714.05","2016-03-04 09:48:27","97596"
"44","714.05","2016-03-04 09:48:31","97596"
"44","712.50","2016-03-04 09:50:22","112201"
"44","711.97","2016-03-04 09:50:50","115652"
"44","710.38","2016-03-04 09:51:02","124468"
"44","710.87","2016-03-04 09:51:33","130832"
"44","710.87","2016-03-04 09:51:35","130832"
"44","711.20","2016-03-04 09:52:04","135567"
"44","711.50","2016-03-04 09:52:20","137082"
"44","711.11","2016-03-04 09:52:35","137761"
"44","710.96","2016-03-04 09:53:05","138118"
"44","710.96","2016-03-04 09:53:06","138118"
"44","711.32","2016-03-04 09:53:37","144992"
"44","712.00","2016-03-04 09:53:50","146325"
"44","711.82","2016-03-04 09:54:08","146570"
"44","710.80","2016-03-04 09:54:35","149433"
"44","710.51","2016-03-04 09:54:39","149533"
"44","710.03","2016-03-04 09:55:10","153434"
"44","709.81","2016-03-04 09:55:20","155658"
"44","709.29","2016-03-04 09:55:41","158776"
"44","709.10","2016-03-04 09:56:05","159891"
"44","709.03","2016-03-04 09:56:13","166018"
"44","708.95","2016-03-04 09:56:43","171190"
"44","708.93","2016-03-04 09:56:50","172799"
"44","709.72","2016-03-04 09:57:14","175027"
"44","708.93","2016-03-04 09:57:35","179801"
"44","708.81","2016-03-04 09:57:45","180464"
"44","708.85","2016-03-04 09:58:16","181558"
"44","708.70","2016-03-04 09:58:20","182261"
"44","709.11","2016-03-04 09:58:47","184000"
"44","709.23","2016-03-04 09:59:05","187042"
"44","709.23","2016-03-04 09:59:18","187177"
"44","709.01","2016-03-04 09:59:49","192858"
"44","709.01","2016-03-04 09:59:50","192858"
"44","709.25","2016-03-04 10:00:20","196464"
"44","709.21","2016-03-04 10:00:35","196697"
"44","709.54","2016-03-04 10:00:51","202674"
"44","709.41","2016-03-04 10:01:20","205781"
"44","709.41","2016-03-04 10:01:22","206089"
"44","709.66","2016-03-04 10:01:53","209609"
"44","709.66","2016-03-04 10:02:05","209619"
"44","710.19","2016-03-04 10:02:24","215469"
"44","710.20","2016-03-04 10:02:50","216758"
"44","710.20","2016-03-04 10:02:55","220241"
"44","709.74","2016-03-04 10:03:26","223877"
"44","709.79","2016-03-04 10:03:35","224802"
"44","709.79","2016-03-04 10:03:57","224914"
"44","709.89","2016-03-04 10:04:20","225231"
"44","709.99","2016-03-04 10:04:28","225341"
"44","710.05","2016-03-04 10:04:59","230962"
"44","710.00","2016-03-04 10:05:05","233043"
"44","709.69","2016-03-04 10:05:30","234066"
"44","709.46","2016-03-04 10:05:50","235358"
"44","709.43","2016-03-04 10:06:01","235928"
"44","710.09","2016-03-04 10:06:32","242380"
"44","710.09","2016-03-04 10:06:35","242415"
"44","709.50","2016-03-04 10:07:03","245744"
"44","708.45","2016-03-04 10:07:20","251104"
"44","708.35","2016-03-04 10:07:34","251707"
"44","707.40","2016-03-04 10:08:05","265582"
"44","707.40","2016-03-04 10:08:05","265582"
"44","706.38","2016-03-04 10:08:36","270552"
"44","706.79","2016-03-04 10:08:50","278563"
"44","706.88","2016-03-04 10:09:07","283139"
"44","706.56","2016-03-04 10:09:35","288065"
"44","706.50","2016-03-04 10:09:38","289040"
"44","706.24","2016-03-04 10:10:09","294063"
"44","706.04","2016-03-04 10:10:20","295352"
"44","706.36","2016-03-04 10:10:40","305151"
"44","706.31","2016-03-04 10:11:05","307426"
"44","706.34","2016-03-04 10:11:11","308149"
"44","706.41","2016-03-04 10:11:42","310520"
"44","706.97","2016-03-04 10:11:50","315507"
"44","707.59","2016-03-04 10:12:13","316764"
"44","707.58","2016-03-04 10:12:35","317675"
"44","708.00","2016-03-04 10:12:44","321261"
"44","706.63","2016-03-04 10:13:15","326626"
"44","707.47","2016-03-04 10:13:20","326736"
"44","707.82","2016-03-04 10:13:46","327719"
"44","707.49","2016-03-04 10:14:05","328210"
"44","707.28","2016-03-04 10:14:17","329814"
"44","707.57","2016-03-04 10:14:48","332389"
"44","707.57","2016-03-04 10:14:50","332409"
"44","708.12","2016-03-04 10:15:19","337450"
"44","707.96","2016-03-04 10:15:35","338365"
"44","707.96","2016-03-04 10:15:50","338439"
"44","707.34","2016-03-04 10:16:20","341469"
"44","707.34","2016-03-04 10:16:21","341869"
"44","707.02","2016-03-04 10:16:52","342542"
"44","707.02","2016-03-04 10:17:05","342547"
"44","706.68","2016-03-04 10:17:23","347381"
"44","707.01","2016-03-04 10:17:50","348097"
"44","706.62","2016-03-04 10:17:54","348699"
"44","706.58","2016-03-04 10:18:25","348955"
"44","706.99","2016-03-04 10:18:35","350260"
"44","707.28","2016-03-04 10:18:56","351936"
"44","707.44","2016-03-04 10:19:20","352872"
"44","707.44","2016-03-04 10:19:27","352886"
"44","707.44","2016-03-04 10:19:58","353062"
"44","707.44","2016-03-04 10:20:05","353082"
"44","706.92","2016-03-04 10:20:29","355994"
"44","706.60","2016-03-04 10:20:50","356954"
"44","706.10","2016-03-04 10:21:00","362229"
"44","707.63","2016-03-04 10:21:31","365564"
"44","707.63","2016-03-04 10:21:35","365565"
"44","707.76","2016-03-04 10:22:02","367089"
"44","707.71","2016-03-04 10:22:20","369042"
"44","707.70","2016-03-04 10:22:33","369323"
"44","707.70","2016-03-04 10:23:04","370288"
"44","707.70","2016-03-04 10:23:05","370288"
"44","707.88","2016-03-04 10:23:35","372145"
"44","707.99","2016-03-04 10:23:50","372423"
"44","707.99","2016-03-04 10:24:06","372753"
"44","707.68","2016-03-04 10:24:35","374602"
"44","707.68","2016-03-04 10:24:37","374602"
"44","707.40","2016-03-04 10:25:08","377652"
"44","706.92","2016-03-04 10:25:20","378440"
"44","706.61","2016-03-04 10:25:39","378693"
"44","707.00","2016-03-04 10:26:05","379528"
"44","707.00","2016-03-04 10:26:10","379528"
"44","707.16","2016-03-04 10:26:41","381933"
"44","707.15","2016-03-04 10:26:50","383950"
"44","706.98","2016-03-04 10:27:12","386650"
"44","707.54","2016-03-04 10:27:35","387407"
"44","707.66","2016-03-04 10:27:43","387507"
"44","707.24","2016-03-04 10:28:14","391040"
"44","707.81","2016-03-04 10:28:20","393072"
"44","707.66","2016-03-04 10:28:45","396107"
"44","707.54","2016-03-04 10:29:05","396213"
"44","707.27","2016-03-04 10:29:16","397279"
"44","707.93","2016-03-04 10:29:47","400564"
"44","707.77","2016-03-04 10:29:50","401467"
"44","707.41","2016-03-04 10:30:18","405603"
"44","707.79","2016-03-04 10:30:35","405946"
"44","707.79","2016-03-04 10:30:49","406002"
"44","708.17","2016-03-04 10:31:20","407882"
"44","708.17","2016-03-04 10:31:20","407882"
"44","707.95","2016-03-04 10:31:51","411078"
"44","707.56","2016-03-04 10:32:05","411304"
"44","708.02","2016-03-04 10:32:22","411578"
"44","708.00","2016-03-04 10:32:50","413034"
"44","708.00","2016-03-04 10:32:53","413038"
"44","707.63","2016-03-04 10:33:24","415463"
"44","707.80","2016-03-04 10:33:35","415748"
"44","707.82","2016-03-04 10:33:55","417796"
"44","707.82","2016-03-04 10:34:20","417811"
"44","707.82","2016-03-04 10:34:26","417837"
"44","707.70","2016-03-04 10:34:57","421866"
"44","707.70","2016-03-04 10:35:05","421873"
"44","707.88","2016-03-04 10:35:28","422960"
"44","707.43","2016-03-04 10:35:50","425384"
"44","707.43","2016-03-04 10:35:59","425436"
"44","707.42","2016-03-04 10:36:30","426415"
"44","707.42","2016-03-04 10:36:35","426415"
"44","707.16","2016-03-04 10:37:01","427717"
"44","706.92","2016-03-04 10:37:20","434271"
"44","707.30","2016-03-04 10:37:32","435273"
"44","706.86","2016-03-04 10:38:03","437061"
"44","706.86","2016-03-04 10:38:05","437161"
"44","706.86","2016-03-04 10:38:34","437251"
"44","707.34","2016-03-04 10:38:50","437522"
"44","707.34","2016-03-04 10:39:05","437574"
"44","706.77","2016-03-04 10:39:35","439714"
"44","706.77","2016-03-04 10:39:36","439714"
"44","706.72","2016-03-04 10:40:07","441419"
"44","706.72","2016-03-04 10:40:20","441481"
"44","706.72","2016-03-04 10:40:38","441618"
"44","707.31","2016-03-04 10:41:09","446335"
"44","707.31","2016-03-04 10:41:12","446335"
"44","707.72","2016-03-04 10:41:40","448475"
"44","707.72","2016-03-04 10:41:50","448502"
"44","707.82","2016-03-04 10:42:11","449740"
"44","708.00","2016-03-04 10:42:35","452466"
"44","707.88","2016-03-04 10:42:42","452786"
"44","708.31","2016-03-04 10:43:13","456685"
"44","708.31","2016-03-04 10:43:20","463248"
"44","708.19","2016-03-04 10:43:44","465438"
"44","708.65","2016-03-04 10:44:05","465540"
"44","708.16","2016-03-04 10:44:15","466392"
"44","708.58","2016-03-04 10:44:46","468657"
"44","708.58","2016-03-04 10:44:50","468661"
"44","708.30","2016-03-04 10:45:17","474993"
"44","708.84","2016-03-04 10:45:35","476510"
"44","708.62","2016-03-04 10:45:48","479214"
"44","708.81","2016-03-04 10:46:19","483074"
"44","708.81","2016-03-04 10:46:20","483074"
"44","708.14","2016-03-04 10:46:50","486442"
"44","708.10","2016-03-04 10:47:05","486577"
"44","708.28","2016-03-04 10:47:21","487175"
"44","707.80","2016-03-04 10:47:50","490411"
"44","707.80","2016-03-04 10:47:52","490411"
"44","707.76","2016-03-04 10:48:23","492696"
"44","707.76","2016-03-04 10:48:35","492696"
"44","708.25","2016-03-04 10:48:54","493075"
"44","707.93","2016-03-04 10:49:20","493719"
"44","707.93","2016-03-04 10:49:25","493719"
"44","707.90","2016-03-04 10:49:56","495098"
"44","708.36","2016-03-04 10:50:09","497185"
"44","708.18","2016-03-04 10:50:27","497583"
"44","708.48","2016-03-04 10:50:50","500764"
"44","708.48","2016-03-04 10:50:58","501366"
"44","708.66","2016-03-04 10:51:29","504896"
"44","709.00","2016-03-04 10:51:35","508507"
"44","708.88","2016-03-04 10:52:00","510891"
"44","709.00","2016-03-04 10:52:20","511908"
"44","708.69","2016-03-04 10:52:31","512338"
"44","708.34","2016-03-04 10:53:02","513594"
"44","708.34","2016-03-04 10:53:05","513594"
"44","708.40","2016-03-04 10:53:33","515023"
"44","708.15","2016-03-04 10:53:50","517396"
"44","708.15","2016-03-04 10:54:04","517506"
"44","708.30","2016-03-04 10:54:35","521145"
"44","708.30","2016-03-04 10:54:35","521145"
"44","708.42","2016-03-04 10:55:06","521715"
"44","708.25","2016-03-04 10:55:20","526194"
"44","708.25","2016-03-04 10:55:37","526298"
"44","708.21","2016-03-04 10:56:05","526574"
"44","708.00","2016-03-04 10:56:08","528176"
"44","707.59","2016-03-04 10:56:39","530350"
"44","707.42","2016-03-04 10:56:50","533872"
"44","707.69","2016-03-04 10:57:10","534695"
"44","707.34","2016-03-04 10:57:35","538589"
"44","707.00","2016-03-04 10:57:41","541145"
"44","707.22","2016-03-04 10:58:12","541369"
"44","707.22","2016-03-04 10:58:20","541370"
"44","707.45","2016-03-04 10:58:43","542571"
"44","707.37","2016-03-04 10:59:05","543252"
"44","707.37","2016-03-04 10:59:14","543252"
"44","707.39","2016-03-04 10:59:45","545448"
"44","707.65","2016-03-04 10:59:50","546016"
"44","707.40","2016-03-04 11:00:16","548010"
"44","707.92","2016-03-04 11:00:35","551080"
"44","707.56","2016-03-04 11:00:47","555067"
"44","707.42","2016-03-04 11:01:18","558018"
"44","707.37","2016-03-04 11:01:20","558417"
"44","707.46","2016-03-04 11:01:49","560491"
"44","707.61","2016-03-04 11:02:05","561831"
"44","707.52","2016-03-04 11:02:20","563935"
"44","707.43","2016-03-04 11:02:50","565083"
"44","707.43","2016-03-04 11:02:51","565083"
"44","707.80","2016-03-04 11:03:22","569256"
"44","707.84","2016-03-04 11:03:35","572224"
"44","707.72","2016-03-04 11:03:53","573012"
"44","707.79","2016-03-04 11:04:20","573821"
"44","707.95","2016-03-04 11:04:24","573921"
"44","708.32","2016-03-04 11:04:55","579167"
"44","708.23","2016-03-04 11:05:05","584392"
"44","708.50","2016-03-04 11:05:26","590320"
"44","708.11","2016-03-04 11:05:50","593844"
"44","708.50","2016-03-04 11:06:04","594640"
"44","708.50","2016-03-04 11:06:28","595097"
"44","708.50","2016-03-04 11:06:35","595495"
"44","708.50","2016-03-04 11:06:59","596094"
"44","708.50","2016-03-04 11:07:20","598111"
"44","708.50","2016-03-04 11:07:30","599467"
"44","708.34","2016-03-04 11:08:07","599863"
"44","708.34","2016-03-04 11:08:12","599863"
"44","708.05","2016-03-04 11:08:38","600676"
"44","708.00","2016-03-04 11:08:50","601509"
"44","708.03","2016-03-04 11:09:03","602485"
"44","708.22","2016-03-04 11:09:34","607985"
"44","708.22","2016-03-04 11:09:35","607985"
"44","708.00","2016-03-04 11:10:05","610041"
"44","708.00","2016-03-04 11:10:21","611683"
"44","708.04","2016-03-04 11:10:36","611822"
"44","707.54","2016-03-04 11:11:06","614038"
"44","707.54","2016-03-04 11:11:07","614038"
"44","707.80","2016-03-04 11:11:39","615209"
"44","708.00","2016-03-04 11:11:50","615769"
"44","708.10","2016-03-04 11:12:09","615984"
"44","707.77","2016-03-04 11:12:35","616314"
"44","707.77","2016-03-04 11:12:42","616394"
"44","707.36","2016-03-04 11:13:13","618698"
"44","707.36","2016-03-04 11:13:22","618845"
"44","707.66","2016-03-04 11:13:45","619036"
"44","707.62","2016-03-04 11:14:07","621420"
"44","707.62","2016-03-04 11:14:15","621438"
"44","707.51","2016-03-04 11:14:47","623747"
"44","707.51","2016-03-04 11:14:53","623747"
"44","707.91","2016-03-04 11:15:22","624705"
"44","707.56","2016-03-04 11:15:46","625191"
"44","707.99","2016-03-04 11:15:54","625659"
"44","708.21","2016-03-04 11:16:49","629615"
"44","708.21","2016-03-04 11:16:49","629615"
"44","708.21","2016-03-04 11:16:51","629615"
"44","708.08","2016-03-04 11:17:10","630470"
"44","707.81","2016-03-04 11:17:23","631499"
"44","707.50","2016-03-04 11:18:03","633692"
"44","707.50","2016-03-04 11:18:03","633692"
"44","708.02","2016-03-04 11:18:25","635536"
"44","708.14","2016-03-04 11:18:54","636805"
"44","708.29","2016-03-04 11:18:55","637513"
"44","708.19","2016-03-04 11:20:24","643385"
"44","708.19","2016-03-04 11:20:25","643385"
"44","708.22","2016-03-04 11:20:56","643817"
"44","708.70","2016-03-04 11:20:59","645969"
"44","708.52","2016-03-04 11:21:36","648543"
"44","708.52","2016-03-04 11:21:39","648556"
"44","708.72","2016-03-04 11:22:02","651529"
"44","708.62","2016-03-04 11:22:20","652083"
"44","708.72","2016-03-04 11:22:29","653076"
"44","708.65","2016-03-04 11:23:00","654791"
"44","708.65","2016-03-04 11:23:05","654792"
"44","708.76","2016-03-04 11:23:31","662287"
"44","708.64","2016-03-04 11:23:51","665136"
"44","708.64","2016-03-04 11:24:04","665644"
"44","709.20","2016-03-04 11:24:34","672046"
"44","709.20","2016-03-04 11:24:36","672081"
"44","709.38","2016-03-04 11:25:05","675786"
"44","709.38","2016-03-04 11:25:21","675821"
"44","709.48","2016-03-04 11:25:37","678174"
"44","709.16","2016-03-04 11:26:10","682687"
"44","709.16","2016-03-04 11:26:11","682687"
"44","709.46","2016-03-04 11:26:41","683530"
"44","709.44","2016-03-04 11:26:51","683630"
"44","709.46","2016-03-04 11:27:10","689295"
"44","709.76","2016-03-04 11:27:36","690514"
"44","709.76","2016-03-04 11:27:39","690514"
"44","709.88","2016-03-04 11:28:15","695580"
"44","710.25","2016-03-04 11:28:20","701551"
"44","710.04","2016-03-04 11:28:41","707033"
"44","709.95","2016-03-04 11:29:05","707342"
"44","709.95","2016-03-04 11:29:12","707343"
"44","710.38","2016-03-04 11:29:47","708264"
"44","710.38","2016-03-04 11:29:51","708264"
"44","710.35","2016-03-04 11:30:18","710675"
"44","710.32","2016-03-04 11:30:36","712115"
"44","710.17","2016-03-04 11:31:16","712964"
"44","710.17","2016-03-04 11:31:20","712964"
"44","710.50","2016-03-04 11:31:48","729398"
"44","710.68","2016-03-04 11:32:05","730007"
"44","710.59","2016-03-04 11:32:18","732624"
"44","710.62","2016-03-04 11:32:49","738995"
"44","710.62","2016-03-04 11:32:50","739000"
"44","710.72","2016-03-04 11:33:20","741168"
"44","710.43","2016-03-04 11:33:35","745655"
"44","710.71","2016-03-04 11:33:51","747010"
"44","711.08","2016-03-04 11:34:20","748382"
"44","711.08","2016-03-04 11:34:22","748382"
"44","710.65","2016-03-04 11:34:53","751258"
"44","710.65","2016-03-04 11:35:05","751491"
"44","710.97","2016-03-04 11:35:24","751631"
"44","711.24","2016-03-04 11:35:50","754106"
"44","711.12","2016-03-04 11:35:55","755431"
"44","710.93","2016-03-04 11:36:26","763152"
"44","710.96","2016-03-04 11:36:35","764885"
"44","710.86","2016-03-04 11:36:58","769572"
"44","710.92","2016-03-04 11:37:20","770115"
"44","710.92","2016-03-04 11:37:28","770332"
"44","711.54","2016-03-04 11:37:59","773252"
"44","711.18","2016-03-04 11:38:05","774660"
"44","711.27","2016-03-04 11:38:30","775015"
"44","711.27","2016-03-04 11:38:50","775024"
"44","711.07","2016-03-04 11:39:01","777943"
"44","711.29","2016-03-04 11:39:32","780854"
"44","711.29","2016-03-04 11:39:35","780854"
"44","711.58","2016-03-04 11:40:03","781774"
"44","711.62","2016-03-04 11:40:20","782637"
"44","712.00","2016-03-04 11:40:34","789147"
"44","711.82","2016-03-04 11:41:05","793756"
"44","711.82","2016-03-04 11:41:05","793756"
"44","711.83","2016-03-04 11:41:26","794675"
"44","711.47","2016-03-04 11:41:37","796002"
"44","711.56","2016-03-04 11:41:50","796579"
"44","711.60","2016-03-04 11:42:07","800074"
"44","711.90","2016-03-04 11:42:35","800637"
"44","711.90","2016-03-04 11:42:39","800637"
"44","711.61","2016-03-04 11:43:09","803803"
"44","711.61","2016-03-04 11:43:20","803864"
"44","711.53","2016-03-04 11:43:40","805379"
"44","711.43","2016-03-04 11:44:08","806131"
"44","711.43","2016-03-04 11:44:12","806133"
"44","711.65","2016-03-04 11:44:45","808874"
"44","711.56","2016-03-04 11:44:51","809236"
"44","711.86","2016-03-04 11:45:13","810429"
"44","712.01","2016-03-04 11:45:35","816299"
"44","712.35","2016-03-04 11:45:44","816899"
"44","712.38","2016-03-04 11:46:15","822218"
"44","712.23","2016-03-04 11:46:20","823218"
"44","712.50","2016-03-04 11:46:46","825407"
"44","711.40","2016-03-04 11:47:05","831806"
"44","711.42","2016-03-04 11:47:17","832089"
"44","711.35","2016-03-04 11:47:48","836209"
"44","711.35","2016-03-04 11:47:50","836209"
"44","711.23","2016-03-04 11:48:19","836349"
"44","710.88","2016-03-04 11:48:35","837851"
"44","710.95","2016-03-04 11:48:50","838356"
"44","711.00","2016-03-04 11:49:20","839645"
"44","711.00","2016-03-04 11:49:21","839645"
"44","710.76","2016-03-04 11:49:52","840160"
"44","710.62","2016-03-04 11:50:05","841238"
"44","711.13","2016-03-04 11:50:23","842286"
"44","711.20","2016-03-04 11:50:50","843813"
"44","711.20","2016-03-04 11:50:54","843833"
"44","711.20","2016-03-04 11:51:25","843836"
"44","711.20","2016-03-04 11:51:35","843872"
"44","711.20","2016-03-04 11:51:56","843903"
"44","711.40","2016-03-04 11:52:20","844726"
"44","711.12","2016-03-04 11:52:27","846464"
"44","711.11","2016-03-04 11:52:58","848001"
"44","711.11","2016-03-04 11:53:05","848004"
"44","711.11","2016-03-04 11:53:29","848136"
"44","710.51","2016-03-04 11:53:52","851585"
"44","710.57","2016-03-04 11:54:00","852223"
"44","710.19","2016-03-04 11:54:34","853627"
"44","710.19","2016-03-04 11:54:35","853627"
"44","710.42","2016-03-04 11:55:02","855969"
"44","710.11","2016-03-04 11:55:21","858539"
"44","709.67","2016-03-04 11:55:33","864057"
"44","709.76","2016-03-04 11:56:04","867376"
"44","709.76","2016-03-04 11:56:05","867376"
"44","709.92","2016-03-04 11:56:35","870230"
"44","709.92","2016-03-04 11:56:50","870496"
"44","709.92","2016-03-04 11:57:06","871031"
"44","710.04","2016-03-04 11:57:35","871445"
"44","709.69","2016-03-04 11:57:37","872842"
"44","709.56","2016-03-04 11:58:08","873915"
"44","709.56","2016-03-04 11:58:20","873957"
"44","709.58","2016-03-04 11:58:39","874653"
"44","709.60","2016-03-04 11:59:05","876001"
"44","709.60","2016-03-04 11:59:10","876506"
"44","709.97","2016-03-04 11:59:41","877897"
"44","710.06","2016-03-04 11:59:50","879118"
"44","710.86","2016-03-04 12:00:12","880241"
"44","710.37","2016-03-04 12:00:35","882951"
"44","710.20","2016-03-04 12:00:43","883551"
"44","709.62","2016-03-04 12:01:14","885754"
"44","709.62","2016-03-04 12:01:20","885762"
"44","709.62","2016-03-04 12:01:45","885773"
"44","709.50","2016-03-04 12:02:05","887269"
"44","709.45","2016-03-04 12:02:16","888517"
"44","709.45","2016-03-04 12:02:47","890301"
"44","709.45","2016-03-04 12:02:50","890301"
"44","709.42","2016-03-04 12:03:18","890617"
"44","709.42","2016-03-04 12:03:35","890646"
"44","709.50","2016-03-04 12:03:49","890988"
"44","709.31","2016-03-04 12:04:20","892930"
"44","709.31","2016-03-04 12:04:20","892930"
"44","709.31","2016-03-04 12:04:51","893012"
"44","709.30","2016-03-04 12:05:05","893477"
"44","709.76","2016-03-04 12:05:22","893850"
"44","710.18","2016-03-04 12:05:59","897065"
"44","710.18","2016-03-04 12:06:02","897065"
"44","710.18","2016-03-04 12:06:24","897155"
"44","710.18","2016-03-04 12:06:35","897162"
"44","709.75","2016-03-04 12:06:55","899288"
"44","709.75","2016-03-04 12:07:20","899649"
"44","709.38","2016-03-04 12:07:26","900396"
"44","709.38","2016-03-04 12:07:57","900551"
"44","709.38","2016-03-04 12:08:05","900571"
"44","709.05","2016-03-04 12:08:28","902808"
"44","709.05","2016-03-04 12:08:50","902832"
"44","709.05","2016-03-04 12:08:59","902895"
"44","708.78","2016-03-04 12:09:30","903323"
"44","709.14","2016-03-04 12:09:35","905726"
"44","708.61","2016-03-04 12:10:01","907982"
"44","708.93","2016-03-04 12:10:20","908335"
"44","708.80","2016-03-04 12:10:32","909688"
"44","708.77","2016-03-04 12:11:03","910067"
"44","708.77","2016-03-04 12:11:05","910067"
"44","708.96","2016-03-04 12:11:34","912358"
"44","708.96","2016-03-04 12:11:50","912358"
"44","709.20","2016-03-04 12:12:05","912997"
"44","708.86","2016-03-04 12:12:35","917300"
"44","708.86","2016-03-04 12:12:36","917300"
"44","709.17","2016-03-04 12:13:07","918114"
"44","709.17","2016-03-04 12:13:20","918128"
"44","709.04","2016-03-04 12:13:38","918718"
"44","709.29","2016-03-04 12:14:05","919041"
"44","709.01","2016-03-04 12:14:09","919141"
"44","709.56","2016-03-04 12:14:40","922063"
"44","709.42","2016-03-04 12:14:50","922265"
"44","709.49","2016-03-04 12:15:11","922875"
"44","709.49","2016-03-04 12:15:35","922915"
"44","709.49","2016-03-04 12:15:42","922999"
"44","709.74","2016-03-04 12:16:13","925020"
"44","709.68","2016-03-04 12:16:20","925263"
"44","709.81","2016-03-04 12:16:44","925883"
"44","709.67","2016-03-04 12:17:05","926145"
"44","709.68","2016-03-04 12:17:15","926854"
"44","709.68","2016-03-04 12:17:46","927407"
"44","709.68","2016-03-04 12:17:50","927407"
"44","709.65","2016-03-04 12:18:17","929284"
"44","709.38","2016-03-04 12:18:35","932085"
"44","709.38","2016-03-04 12:18:48","932266"
"44","709.28","2016-03-04 12:19:19","932687"
"44","709.28","2016-03-04 12:19:20","932687"
"44","709.53","2016-03-04 12:19:50","934122"
"44","709.53","2016-03-04 12:20:05","934682"
"44","709.53","2016-03-04 12:20:21","935758"
"44","709.66","2016-03-04 12:20:50","937269"
"44","709.66","2016-03-04 12:20:52","937269"
"44","709.66","2016-03-04 12:21:23","937384"
"44","709.70","2016-03-04 12:21:35","938079"
"44","709.70","2016-03-04 12:21:54","940185"
"44","709.67","2016-03-04 12:22:20","943967"
"44","709.67","2016-03-04 12:22:25","943967"
"44","709.61","2016-03-04 12:22:56","946442"
"44","709.61","2016-03-04 12:23:05","946443"
"44","709.68","2016-03-04 12:23:27","946668"
"44","709.68","2016-03-04 12:23:50","946743"
"44","709.68","2016-03-04 12:23:58","946887"
"44","709.69","2016-03-04 12:24:29","947968"
"44","709.69","2016-03-04 12:24:35","947978"
"44","709.66","2016-03-04 12:25:00","948506"
"44","709.88","2016-03-04 12:25:20","949852"
"44","709.88","2016-03-04 12:25:31","949947"
"44","710.00","2016-03-04 12:26:02","951463"
"44","710.00","2016-03-04 12:26:05","951463"
"44","709.95","2016-03-04 12:26:33","951617"
"44","709.95","2016-03-04 12:26:50","951637"
"44","709.70","2016-03-04 12:27:04","953509"
"44","709.79","2016-03-04 12:27:35","954619"
"44","709.79","2016-03-04 12:27:35","954619"
"44","709.79","2016-03-04 12:28:06","954760"
"44","709.97","2016-03-04 12:28:20","955747"
"44","709.61","2016-03-04 12:29:05","958290"
"44","709.46","2016-03-04 12:29:50","959985"
"44","709.26","2016-03-04 12:30:35","962440"
"44","709.02","2016-03-04 12:31:20","963558"
"44","709.17","2016-03-04 12:32:05","965514"
"44","709.15","2016-03-04 12:32:50","967879"
"44","709.30","2016-03-04 12:33:35","968980"
"44","709.49","2016-03-04 12:34:20","969405"
"44","709.65","2016-03-04 12:35:05","971032"
"44","709.10","2016-03-04 12:35:50","980419"
"44","709.40","2016-03-04 12:36:35","983063"
"44","709.05","2016-03-04 12:37:20","985102"
"44","709.05","2016-03-04 12:38:05","985225"
"44","709.32","2016-03-04 12:38:50","988049"
"44","709.41","2016-03-04 12:39:35","988968"
"44","709.11","2016-03-04 12:40:20","990001"
"44","709.11","2016-03-04 12:41:05","990160"
"44","709.19","2016-03-04 12:41:50","990370"
"44","709.34","2016-03-04 12:42:35","991755"
"44","709.34","2016-03-04 12:43:20","991855"
"44","709.34","2016-03-04 12:44:05","992191"
"44","709.79","2016-03-04 12:44:50","992384"
"44","709.80","2016-03-04 12:45:35","995148"
"44","709.51","2016-03-04 12:46:20","995699"
"44","709.92","2016-03-04 12:47:05","1000376"
"44","709.89","2016-03-04 12:47:50","1001321"
"44","710.14","2016-03-04 12:48:35","1005395"
"44","709.56","2016-03-04 12:49:20","1007129"
"44","709.25","2016-03-04 12:50:08","1009728"
"44","709.04","2016-03-04 12:50:50","1015416"
"44","709.52","2016-03-04 12:51:35","1019025"
"44","709.52","2016-03-04 12:52:20","1019135"
"44","709.44","2016-03-04 12:53:05","1021990"
"44","709.23","2016-03-04 12:53:50","1025256"
"44","709.10","2016-03-04 12:54:35","1026484"
"44","709.10","2016-03-04 12:55:20","1026528"
"44","709.10","2016-03-04 12:56:05","1026666"
"44","709.16","2016-03-04 12:56:50","1027274"
"44","709.11","2016-03-04 12:57:35","1028871"
"44","708.95","2016-03-04 12:58:20","1031704"
"44","708.96","2016-03-04 12:59:05","1032213"
"44","708.81","2016-03-04 12:59:50","1035245"
"44","708.75","2016-03-04 13:00:35","1035775"
"44","709.02","2016-03-04 13:01:20","1037389"
"44","709.03","2016-03-04 13:02:05","1040133"
"44","708.86","2016-03-04 13:02:50","1041063"
"44","709.09","2016-03-04 13:03:35","1043238"
"44","709.09","2016-03-04 13:04:20","1043957"
"44","709.05","2016-03-04 13:05:05","1045721"
"44","709.36","2016-03-04 13:05:50","1046964"
"44","709.36","2016-03-04 13:06:35","1046995"
"44","709.45","2016-03-04 13:07:20","1048294"
"44","710.13","2016-03-04 13:08:05","1050129"
"44","710.34","2016-03-04 13:08:50","1053176"
"44","709.88","2016-03-04 13:09:35","1054416"
"44","709.88","2016-03-04 13:10:20","1054446"
"44","709.91","2016-03-04 13:11:05","1056550"
"44","709.91","2016-03-04 13:11:50","1056629"
"44","709.56","2016-03-04 13:21:05","1079972"
"44","709.56","2016-03-04 13:21:05","1079972"
"44","709.29","2016-03-04 13:21:46","1089013"
"44","709.29","2016-03-04 13:21:48","1089013"
"44","709.73","2016-03-04 13:22:30","1091968"
"44","709.57","2016-03-04 13:22:57","1093421"
"44","709.38","2016-03-04 13:23:15","1094440"
"44","709.38","2016-03-04 13:24:00","1094445"
"44","709.54","2016-03-04 13:24:45","1095508"
"44","709.19","2016-03-04 13:25:30","1097117"
"44","709.27","2016-03-04 13:27:03","1102095"
"44","709.33","2016-03-04 13:27:45","1104610"
"44","709.02","2016-03-04 13:28:30","1106835"
"44","709.54","2016-03-04 13:29:15","1110235"
"44","709.14","2016-03-04 13:30:00","1111649"
"44","709.74","2016-03-04 13:30:45","1112606"
"44","709.78","2016-03-04 13:31:30","1114247"
"44","709.75","2016-03-04 13:32:15","1115604"
"44","709.90","2016-03-04 13:33:00","1117445"
"44","709.51","2016-03-04 13:33:45","1123000"
"44","709.50","2016-03-04 13:34:31","1127254"
"44","710.03","2016-03-04 13:35:15","1132248"
"44","710.11","2016-03-04 13:36:00","1136021"
"44","710.40","2016-03-04 13:36:46","1137777"
"44","709.83","2016-03-04 13:37:30","1141370"
"44","710.04","2016-03-04 13:38:15","1143160"
"44","709.98","2016-03-04 13:39:00","1143899"
"44","710.05","2016-03-04 13:39:45","1147462"
"44","709.97","2016-03-04 13:40:30","1148989"
"44","709.97","2016-03-04 13:41:15","1149140"
"44","709.97","2016-03-04 13:42:00","1149320"
"44","710.08","2016-03-04 13:42:45","1154615"
"44","710.35","2016-03-04 13:43:30","1155008"
"44","710.88","2016-03-04 13:44:15","1158567"
"44","710.90","2016-03-04 13:45:00","1159026"
"44","710.66","2016-03-04 13:45:45","1167530"
"44","710.93","2016-03-04 13:46:30","1172930"
"44","711.19","2016-03-04 13:47:15","1173978"
"44","710.83","2016-03-04 13:48:00","1174501"
"44","711.12","2016-03-04 13:48:45","1175885"
"44","710.84","2016-03-04 13:49:30","1177084"
"44","711.40","2016-03-04 13:50:15","1181496"
"44","711.21","2016-03-04 13:51:00","1182423"
"44","711.50","2016-03-04 13:51:45","1185150"
"44","711.54","2016-03-04 13:52:30","1185910"
"44","711.76","2016-03-04 13:53:15","1189393"
"44","711.89","2016-03-04 13:54:00","1190655"
"44","712.25","2016-03-04 13:54:45","1195075"
"44","712.64","2016-03-04 13:55:30","1198090"
"44","712.38","2016-03-04 13:56:15","1207457"
"44","713.14","2016-03-04 13:57:00","1214888"
"44","712.99","2016-03-04 13:57:45","1220076"
"44","712.85","2016-03-04 13:58:30","1223360"
"44","713.15","2016-03-04 13:59:15","1226558"
"44","713.41","2016-03-04 14:00:00","1229891"
"44","713.37","2016-03-04 14:00:45","1236169"
"44","713.16","2016-03-04 14:01:30","1239088"
"44","713.37","2016-03-04 14:02:15","1243512"
"44","713.29","2016-03-04 14:03:00","1243754"
"44","713.45","2016-03-04 14:03:45","1245497"
"44","713.43","2016-03-04 14:04:30","1247370"
"44","713.57","2016-03-04 14:05:30","1249585"
"44","713.56","2016-03-04 14:06:05","1252257"
"44","713.52","2016-03-04 14:06:45","1257322"
"44","713.69","2016-03-04 14:07:30","1267315"
"44","713.76","2016-03-04 14:08:15","1270133"
"44","713.67","2016-03-04 14:09:03","1272843"
"44","713.70","2016-03-04 14:09:45","1276083"
"44","713.84","2016-03-04 14:10:30","1279930"
"44","713.95","2016-03-04 14:11:15","1285984"
"44","714.00","2016-03-04 14:12:00","1292260"
"44","714.04","2016-03-04 14:12:45","1295112"
"44","714.50","2016-03-04 14:13:30","1302507"
"44","714.50","2016-03-04 14:14:15","1309564"
"44","714.62","2016-03-04 14:15:00","1321061"
"44","714.89","2016-03-04 14:15:45","1331895"
"44","715.00","2016-03-04 14:16:30","1338466"
"44","715.35","2016-03-04 14:17:15","1352485"
"44","715.37","2016-03-04 14:18:00","1353707"
"44","715.34","2016-03-04 14:18:45","1359115"
"44","715.26","2016-03-04 14:19:31","1360319"
"44","715.34","2016-03-04 14:20:15","1363624"
"44","715.51","2016-03-04 14:21:00","1372764"
"44","715.53","2016-03-04 14:21:45","1377051"
"44","715.41","2016-03-04 14:22:30","1380139"
"44","715.45","2016-03-04 14:23:15","1384627"
"44","715.00","2016-03-04 14:24:00","1390936"
"44","714.97","2016-03-04 14:24:45","1392927"
"44","714.76","2016-03-04 14:25:30","1396764"
"44","714.54","2016-03-04 14:26:15","1400337"
"44","714.77","2016-03-04 14:27:00","1401234"
"44","714.68","2016-03-04 14:27:45","1402960"
"44","714.33","2016-03-04 14:28:30","1407569"
"44","714.15","2016-03-04 14:29:15","1408507"
"44","714.07","2016-03-04 14:30:00","1415378"
"44","713.93","2016-03-04 14:30:45","1419322"
"44","714.00","2016-03-04 14:31:30","1419849"
"44","713.28","2016-03-04 14:32:15","1429158"
"44","713.28","2016-03-04 14:33:00","1429652"
"44","713.66","2016-03-04 14:33:45","1430430"
"44","713.30","2016-03-04 14:34:30","1431957"
"44","712.66","2016-03-04 14:35:15","1434707"
"44","712.78","2016-03-04 14:36:00","1436394"
"44","713.24","2016-03-04 14:36:45","1437242"
"44","712.77","2016-03-04 14:37:32","1440883"
"44","713.00","2016-03-04 14:38:15","1447066"
"44","712.64","2016-03-04 14:39:00","1449283"
"44","712.92","2016-03-04 14:39:45","1449667"
"44","712.29","2016-03-04 14:40:30","1451942"
"44","711.65","2016-03-04 14:41:15","1454113"
"44","711.39","2016-03-04 14:42:01","1456346"
"44","711.69","2016-03-04 14:42:45","1459160"
"44","711.95","2016-03-04 14:43:30","1460060"
"44","712.13","2016-03-04 14:44:15","1460595"
"44","712.50","2016-03-04 14:45:00","1462255"
"44","711.50","2016-03-04 14:45:45","1472400"
"44","711.17","2016-03-04 14:46:30","1475332"
"44","711.40","2016-03-04 14:47:15","1476195"
"44","711.87","2016-03-04 14:48:00","1478804"
"44","711.75","2016-03-04 14:48:45","1481544"
"44","711.25","2016-03-04 14:49:30","1490978"
"44","711.25","2016-03-04 14:50:15","1491691"
"44","710.62","2016-03-04 14:51:00","1501146"
"44","710.50","2016-03-04 14:51:45","1507068"
"44","710.38","2016-03-04 14:52:30","1511549"
"44","710.89","2016-03-04 14:53:15","1511859"
"44","710.48","2016-03-04 14:54:00","1515890"
"44","710.85","2016-03-04 14:54:45","1518201"
"44","710.71","2016-03-04 14:55:30","1518811"
"44","710.27","2016-03-04 14:56:15","1521056"
"44","710.28","2016-03-04 14:57:00","1521450"
"44","710.55","2016-03-04 14:57:45","1522213"
"44","710.55","2016-03-04 14:58:30","1522557"
"44","710.46","2016-03-04 14:59:16","1523817"
"44","710.81","2016-03-04 15:00:00","1525172"
"44","710.33","2016-03-04 15:00:45","1528079"
"44","710.33","2016-03-04 15:01:30","1528099"
"44","710.24","2016-03-04 15:02:15","1529757"
"44","710.47","2016-03-04 15:03:00","1531325"
"44","710.52","2016-03-04 15:03:45","1533495"
"44","710.75","2016-03-04 15:04:30","1535743"
"44","710.57","2016-03-04 15:05:15","1538289"
"44","710.58","2016-03-04 15:06:00","1542585"
"44","710.42","2016-03-04 15:06:45","1543240"
"44","710.22","2016-03-04 15:07:30","1544982"
"44","710.53","2016-03-04 15:08:15","1547915"
"44","710.45","2016-03-04 15:09:00","1549636"
"44","709.60","2016-03-04 15:09:45","1553750"
"44","709.72","2016-03-04 15:10:30","1558683"
"44","709.45","2016-03-04 15:11:16","1565538"
"44","709.32","2016-03-04 15:12:00","1574182"
"44","709.32","2016-03-04 15:12:46","1576748"
"44","708.86","2016-03-04 15:13:30","1581828"
"44","708.96","2016-03-04 15:14:15","1584623"
"44","709.59","2016-03-04 15:15:00","1587684"
"44","709.56","2016-03-04 15:15:45","1589734"
"44","709.55","2016-03-04 15:16:30","1592758"
"44","709.65","2016-03-04 15:17:15","1593756"
"44","709.25","2016-03-04 15:18:18","1596754"
"44","709.71","2016-03-04 15:18:46","1598713"
"44","708.78","2016-03-04 15:20:00","1602289"
"44","709.78","2016-03-04 15:20:28","1606111"
"44","709.61","2016-03-04 15:21:00","1606799"
"44","710.02","2016-03-04 15:22:45","1613748"
"44","709.60","2016-03-04 15:23:51","1617640"
"44","710.39","2016-03-04 15:24:55","1623023"
"44","709.93","2016-03-04 15:26:02","1634252"
"44","709.93","2016-03-04 15:26:15","1634354"
"44","709.69","2016-03-04 15:27:00","1642247"
"44","710.24","2016-03-04 15:27:45","1643698"
"44","710.09","2016-03-04 15:28:30","1644400"
"44","710.41","2016-03-04 15:29:15","1648806"
"44","709.75","2016-03-04 15:30:00","1650962"
"44","709.70","2016-03-04 15:30:45","1654239"
"44","709.51","2016-03-04 15:31:30","1657238"
"44","709.88","2016-03-04 15:32:15","1658692"
"44","709.88","2016-03-04 15:33:00","1659175"
"44","710.15","2016-03-04 15:33:45","1660235"
"44","710.23","2016-03-04 15:34:30","1661094"
"44","710.39","2016-03-04 15:35:15","1664709"
"44","710.02","2016-03-04 15:36:00","1666776"
"44","710.49","2016-03-04 15:36:45","1675280"
"44","710.34","2016-03-04 15:37:30","1677465"
"44","710.99","2016-03-04 15:38:15","1681278"
"44","711.29","2016-03-04 15:39:00","1687870"
"44","711.20","2016-03-04 15:39:45","1688795"
"44","711.51","2016-03-04 15:40:31","1690839"
"44","711.51","2016-03-04 15:41:15","1691116"
"44","711.77","2016-03-04 15:42:00","1691808"
"44","711.68","2016-03-04 15:42:45","1695696"
"44","711.81","2016-03-04 15:43:30","1701801"
"44","711.91","2016-03-04 15:44:15","1702690"
"44","712.19","2016-03-04 15:45:00","1707613"
"44","711.78","2016-03-04 15:45:45","1712030"
"44","711.61","2016-03-04 15:46:30","1713580"
"44","711.64","2016-03-04 15:47:15","1715407"
"44","711.81","2016-03-04 15:48:00","1720197"
"44","711.30","2016-03-04 15:48:45","1721856"
"44","711.18","2016-03-04 15:49:30","1722638"
"44","711.09","2016-03-04 15:50:15","1724409"
"44","710.75","2016-03-04 15:51:00","1725582"
"44","710.71","2016-03-04 15:51:45","1726382"
"44","710.73","2016-03-04 15:52:30","1727563"
"44","711.00","2016-03-04 15:53:15","1729710"
"44","711.05","2016-03-04 15:54:00","1731286"
"44","711.30","2016-03-04 15:54:45","1734819"
"44","710.91","2016-03-04 15:55:31","1740536"
"44","710.91","2016-03-04 15:56:15","1740674"
"44","711.91","2016-03-04 15:57:00","1746935"
"44","711.57","2016-03-04 15:57:45","1752191"
"44","711.23","2016-03-04 15:58:39","1756181"
"44","711.14","2016-03-04 15:59:15","1756768"
"44","711.80","2016-03-04 16:00:07","1758671"
"44","711.65","2016-03-04 16:00:57","1762708"
"44","711.65","2016-03-04 16:01:51","1765293"
"44","711.97","2016-03-04 16:02:15","1766203"
"44","711.77","2016-03-04 16:03:00","1769935"
"44","711.30","2016-03-04 16:03:45","1773504"
"44","711.08","2016-03-04 16:04:30","1778667"
"44","711.34","2016-03-04 16:05:15","1784924"
"44","711.00","2016-03-04 16:06:00","1788060"
"44","711.12","2016-03-04 16:06:45","1789690"
"44","711.02","2016-03-04 16:07:30","1792488"
"44","711.36","2016-03-04 16:08:15","1798848"
"44","711.07","2016-03-04 16:09:00","1801537"
"44","711.34","2016-03-04 16:09:45","1805678"
"44","711.49","2016-03-04 16:10:30","1811590"
"44","711.07","2016-03-04 16:11:15","1817366"
"44","711.11","2016-03-04 16:12:00","1821668"
"44","710.34","2016-03-04 16:12:45","1828778"
"44","710.54","2016-03-04 16:13:30","1839578"
"44","710.69","2016-03-04 16:14:23","1857382"
"44","710.89","2016-03-04 16:15:00","1945259"
"44","710.89","2016-03-04 16:15:45","1951231"
"44","710.89","2016-03-04 16:16:30","1951336"
"44","710.89","2016-03-04 16:17:15","1951437"
"44","710.89","2016-03-04 16:18:03","1951437"
"44","710.89","2016-03-04 16:18:45","1951437"
"44","710.89","2016-03-04 16:19:33","1951437"
"44","710.89","2016-03-04 16:20:15","1951437"
